id,bulk_spalen_id,value
0,647,881.5384943594125
1,648,1032.9615442781237
2,646,187.24493920956598
3,649,456.27442551495716
4,647,1473.1057594285985
5,648,1720.6979051881867
6,646,298.7088836388916
7,649,840.8536850735285
8,597,0.0
9,598,0.0
10,595,0.0
11,596,0.0
12,647,1059.0345776038166
13,648,1229.8275174373966
14,646,185.4089184190094
15,649,637.1785781002269
16,597,0.0
17,598,0.0
18,595,0.0
19,596,0.0
20,80,8.139423879817226
21,80,22.449537958169152
22,80,28.533138041888506
23,72,186.58297673174243
24,758,251.0363783878732
25,757,119.03987972655626
26,304,115.16806837164667
27,303,139.80636461708022
28,847,23.732747363570127
29,618,586.4740472947095
30,616,75.9798605188078
31,619,79.30358577011559
32,617,97.92072696563575
33,128,264.00223148739417
34,127,1358.8314344904309
35,125,17.201298339983857
36,314,25.444004375109646
37,537,9.498139048935057
38,919,141.94169011802637
39,921,68.35512217333664
40,920,364.95630543119995
41,918,65.91545886010714
42,237,1498.3400655079827
43,236,676.8136007794755
44,235,230.81597179497658
45,238,824.8876050680212
46,239,408.5178132633608
47,115,1184.7637553062787
48,116,1135.5396367682326
49,114,833.3779690742898
50,113,161.90681682949278
51,369,272.57452241539335
52,368,323.6100189619791
53,367,147.78672566565055
54,25,391.6928283928287
55,24,265.2626239094388
56,23,242.9667531682275
57,71,10.005862577429024
58,72,137.65969305989287
59,758,358.75983639239075
60,757,92.18282008546873
61,304,247.84621354696216
62,303,144.83056621799963
63,618,510.3347305660251
64,619,19.972840566544704
65,616,49.930708137077644
66,617,62.04267880662319
67,128,300.9837332068596
68,127,1015.6974197630844
69,314,24.116972008656347
70,537,9.07806675533502
71,918,45.3515800488582
72,921,217.06310907573453
73,919,169.71868059688362
74,920,607.780641754309
75,237,1660.0579804713313
76,236,896.8827584255919
77,235,283.94307492450713
78,238,630.5786912874167
79,239,175.06196595852128
80,115,1401.9126151476717
81,114,980.6643647538411
82,116,748.8486073896355
83,113,218.62511460497265
84,369,285.7417175974246
85,367,205.47057997895527
86,368,298.1698591386972
87,23,215.3625008827845
88,25,382.0642348782829
89,24,324.80879849236635
90,71,15.02149257771118
91,72,97.17078319341962
92,758,469.6761521282725
93,757,87.10488006639355
94,304,240.82327370625222
95,303,122.61361543519061
96,334,1.7196798191160751
97,618,649.6013543184688
98,619,9.009710877130813
99,616,27.739953659008506
100,617,41.4216093558138
101,128,288.0453495246707
102,127,817.6909031030785
103,314,15.331165169623947
104,918,30.558424983052667
105,921,182.18085655558892
106,919,137.71092817187974
107,920,461.9475106677162
108,237,2076.491708004219
109,235,231.07919869514893
110,236,755.8062412654593
111,238,863.2939447221626
112,239,122.4312934213716
113,115,1626.1579139432888
114,114,935.4845565277565
115,116,1140.0020412419228
116,113,209.55363145285546
117,369,184.99922152337697
118,367,149.5716036741081
119,368,251.43717100486285
120,23,166.87343090830313
121,25,319.84917277180347
122,24,240.56333291045783
123,377,316.8706228286766
124,376,12.77413784621567
125,377,419.8572009092087
126,376,31.2500747070663
127,377,584.5020596600145
128,376,32.30933202552686
129,470,91.83842928007496
130,472,277.18371863762655
131,471,138.59239441895355
132,473,227.27893583243298
133,469,7.040093137287464
134,631,233.98777723780574
135,630,622.2119409602566
136,628,284.4126234381577
137,629,151.44437120905243
138,627,20.05649998849259
139,35,14.77811915171709
140,37,488.205802688307
141,38,379.4287535043264
142,36,117.28280562947498
143,470,105.28242130240065
144,472,225.51220681931792
145,471,68.8840676678465
146,473,88.67718053239521
147,469,4.32611630796937
148,631,95.79230118222381
149,630,462.72183329519186
150,628,164.6821205185791
151,627,21.548057985020442
152,629,56.93171669173027
153,37,257.1361547291062
154,38,234.5004567914531
155,36,100.51755092225393
156,35,13.917514700488507
157,470,99.303774299615
158,472,206.9119950579751
159,471,75.75158576861548
160,473,98.98091701052269
161,469,3.587385894298293
162,631,75.69596293563787
163,630,448.41966375500215
164,627,20.524752884690322
165,629,49.77402839420391
166,628,115.4657756007142
167,37,183.30346743060187
168,38,173.04583791292947
169,36,60.89684239590887
170,35,13.919915683571427
171,33,933.6617246099867
172,32,884.8998346751582
173,34,1815.1564978085034
174,31,41.33614132094439
175,307,479.81968643889337
176,308,240.35175760331504
177,306,169.45504796735042
178,305,3.661746091305835
179,688,607.5008665920116
180,687,203.27017269062551
181,33,962.835827714657
182,32,761.7458438642087
183,34,1960.3943698050336
184,31,33.9701341748383
185,307,603.626402509814
186,308,142.39910314348808
187,306,239.54586052207998
188,305,5.671007634716254
189,688,582.3899291418459
190,687,165.40452740824603
191,33,889.5125220127561
192,32,610.7939786954138
193,34,2327.647951580637
194,31,18.607805561284522
195,307,513.8816434031199
196,308,117.0726780954579
197,306,194.34045046661973
198,305,3.677815046235289
199,688,523.198642221503
200,687,154.69779019002067
201,729,157.03992505983345
202,730,125.49823869439857
203,731,45.437372393476075
204,735,328.1671869509905
205,734,125.00959580868965
206,738,113.10769303333853
207,759,31.096897459935988
208,760,52.8520447608896
209,769,10.35754712966478
210,257,16.25005491839116
211,731,52.59196678955663
212,729,88.60097553586901
213,735,177.3881102867789
214,734,66.80246732228167
215,738,50.57392009959929
216,760,27.24360452249169
217,770,5.505307029059821
218,769,10.969408838131926
219,258,6.6749036374095745
220,260,6.7150397466942024
221,731,26.2440138521834
222,729,58.48901907682462
223,735,155.11364365392268
224,734,45.838304457433495
225,739,17.702588527635903
226,760,11.93732490724017
227,769,6.574231351467455
228,260,5.729496483544945
229,224,125.65937570646483
230,223,24.344134736102248
231,406,28.287784511639952
232,407,201.1650973285431
233,405,75.14909964528044
234,404,9.472405960151525
235,892,271.34936342543335
236,893,61.92521594517899
237,894,21.16705458526854
238,891,11.436724862219137
239,613,372.4004232462186
240,614,88.82974085109139
241,615,48.00652822969208
242,612,10.10600466991382
243,67,34.68363165813696
244,69,30.123318807636792
245,930,31.30989834120399
246,592,500.23025622756853
247,591,443.74667079892845
248,593,636.5338390981688
249,594,87.62307855491751
250,590,260.6519393052507
251,917,5.567486918286265
252,916,457.59471734392247
253,915,255.92760186700468
254,914,88.17438876094167
255,924,781.2271804955934
256,923,311.49775232158566
257,925,158.06228848335027
258,922,16.466712303690542
259,247,87.05289510793591
260,246,30.742885192304804
261,814,60.5936576255743
262,815,28.868668555331908
263,283,503.923366509121
264,280,140.75124751302127
265,282,1072.4157039794266
266,281,391.82357396391905
267,284,122.98989384948584
268,54,673.5561967526364
269,53,806.7441143980874
270,51,111.0779917148058
271,55,98.20199067674935
272,52,413.1203185651019
273,214,822.7397480017529
274,212,122.22813678094658
275,213,461.2371864226356
276,215,318.1984888544705
277,277,445.4070232109715
278,279,262.1622409497872
279,278,908.3237249674547
280,276,176.75875983499773
281,224,58.23278181926945
282,406,18.609572342361627
283,407,142.71942470683962
284,892,227.99605110412375
285,893,34.56957694518603
286,894,30.857624224940327
287,891,8.314317230789907
288,613,283.40502354726397
289,614,87.46497476042913
290,615,32.21524574970104
291,67,11.788580209983772
292,930,16.90883819206016
293,592,701.6147509641845
294,591,698.8338117193977
295,593,331.4932970094651
296,594,100.01488279753919
297,590,257.59308678175074
298,917,9.595860732411378
299,916,515.9581900609134
300,915,483.62735239024516
301,914,77.03479268071857
302,924,861.523795709382
303,923,469.72090317938057
304,925,189.7187329730911
305,922,23.344714252744165
306,247,42.76432316508439
307,813,8.606837852007995
308,815,24.61078968535584
309,283,560.1020075294558
310,280,266.9077949717661
311,282,1495.272920304803
312,281,722.3823375355713
313,284,160.32775248304617
314,54,771.5409555647168
315,53,887.7709398865087
316,51,157.64629005441466
317,55,134.3920920808464
318,52,643.6540013939235
319,534,0.0
320,532,0.0
321,533,0.0
322,535,0.0
323,536,0.0
324,397,0.0
325,395,0.0
326,396,0.0
327,398,0.0
328,399,0.0
329,214,840.7932912315779
330,212,227.89935714684125
331,213,544.8475461351434
332,215,312.62641280998434
333,277,444.3054582843962
334,279,259.35821189290675
335,278,953.378440588781
336,276,193.2392969164648
337,224,36.23247390474382
338,406,10.614170099450474
339,404,9.628325468089933
340,407,95.11513338438988
341,892,154.92879907826173
342,893,22.479369685878606
343,894,16.569040266403725
344,891,4.841744491728506
345,613,203.51907158694465
346,615,24.18758571987808
347,592,705.6537758917474
348,591,741.9961405790923
349,593,262.4154914309981
350,594,102.54752461979493
351,590,227.2734570334859
352,917,16.57948119222244
353,916,549.5110439792722
354,915,277.51229268275927
355,914,56.909427881216985
356,924,744.6518221379313
357,923,378.7652250130505
358,925,176.22627511071286
359,922,18.81637160180606
360,247,28.189270788410198
361,813,7.951519462949238
362,815,30.598171040408385
363,283,514.6684987547064
364,280,212.31710868686275
365,282,1144.9926804371132
366,281,527.9231315277141
367,284,113.43787287522552
368,54,724.9797924905135
369,53,699.0422472764756
370,51,116.38507173528578
371,55,104.02932794309396
372,52,528.3140029195031
373,534,0.0
374,532,0.0
375,533,0.0
376,535,0.0
377,536,0.0
378,397,0.0
379,396,0.0
380,398,0.0
381,395,0.0
382,399,0.0
383,214,760.9447798870341
384,212,166.33623211571654
385,213,402.04542932239224
386,215,304.8681024133219
387,277,310.7676759614482
388,279,231.41727114379717
389,278,732.0717084021417
390,276,128.62278031169734
391,419,102.95385200145299
392,418,140.19385557995278
393,420,49.52760231580824
394,620,84.98910193629676
395,623,55.50238414780566
396,622,116.25673009190437
397,621,66.84100960785204
398,9,195.51733229275453
399,10,134.52145598251337
400,8,151.75784612488548
401,678,549.5514360302006
402,679,265.5344947259707
403,677,53.7525293144917
404,810,122.57527140866242
405,808,240.4254502275609
406,807,96.47751744141483
407,809,669.1303639058641
408,811,99.02828928682347
409,502,281.5461719808286
410,504,1099.469047516985
411,503,799.726821315251
412,505,448.56194052377356
413,419,201.1589149752784
414,418,236.88371792854412
415,420,63.53436354434639
416,620,180.63478358913702
417,623,73.17038203830509
418,622,200.93365800111454
419,621,102.88218100727025
420,9,285.86326047901156
421,10,169.90129161875433
422,8,144.51649532644524
423,679,243.1408091372175
424,678,628.0035224154066
425,677,17.067849284902834
426,810,252.65781374598896
427,808,403.69656161614705
428,807,186.41564835164738
429,809,765.6005641533723
430,811,106.61081194818838
431,504,839.9947430913815
432,503,548.5402244388406
433,505,402.5250899617123
434,502,243.0570847353157
435,419,202.98156218080334
436,418,245.58188990523018
437,420,54.795617932126696
438,623,80.3730848681267
439,622,214.5083473209284
440,620,180.21418000786144
441,621,101.23096663444773
442,9,400.18000969362936
443,10,196.20192583987904
444,8,110.32174026496519
445,678,573.9494027002044
446,679,308.5703859403669
447,677,18.852007612019563
448,810,234.15118022238852
449,808,364.6002835859161
450,809,590.4247202579212
451,807,156.8864183781514
452,811,85.57405551447464
453,504,1178.6535450612294
454,503,445.9322208924302
455,502,182.20974703915812
456,505,603.7318642560184
457,878,329.77072564334867
458,879,207.21953896655387
459,877,194.25605944444027
460,876,11.539380846503041
461,206,62.59461019581602
462,216,0.8866714684286157
463,217,10.700060102909
464,157,20.706963185424843
465,147,119.91844593878012
466,145,13.498007392848997
467,146,38.13978142470418
468,134,532.1292007991191
469,135,262.1454824471398
470,136,29.12843746093327
471,133,10.836474139874268
472,184,0.0
473,202,4.222480152340931
474,928,247.83483966753687
475,927,577.2489049694634
476,926,276.32600245469337
477,459,9.453920992404003
478,457,7.608199637709719
479,458,8.295617063626475
480,460,12.735287167425781
481,296,188.49506259577203
482,297,69.92340341875367
483,295,102.93853360484195
484,294,55.854030433525
485,119,278.08076921749046
486,120,49.4073662434708
487,118,149.25891738279114
488,117,39.982240612102515
489,858,116.58576295765856
490,859,159.00908003240113
491,857,227.30652487355653
492,878,468.02459650115065
493,879,340.3279506026181
494,877,229.23108189094154
495,876,11.18040304897388
496,206,38.734340796702455
497,216,5.1208563169549475
498,217,7.7745590867142
499,157,4.443542829975833
500,147,162.54505739886432
501,145,30.318461672952104
502,146,12.701071301689563
503,134,566.2980835454094
504,135,107.46233952727168
505,136,14.781306075490146
506,133,15.7009990519283
507,202,5.2686960710502495
508,928,273.71597956967764
509,927,360.0079192395937
510,926,262.07446779051384
511,459,6.4924168500642185
512,458,4.4600001904307955
513,460,6.232411846530123
514,296,465.2925668174725
515,297,166.69537376568778
516,295,189.14095702445732
517,294,42.975789425662725
518,119,478.4394426864347
519,120,131.85073000457282
520,118,231.6498983845262
521,117,53.283358981678006
522,858,321.227579836884
523,859,292.63170292030884
524,857,250.66062372532323
525,878,510.44857965823155
526,879,391.95394399121125
527,877,134.93509813008168
528,206,31.733403044413688
529,216,4.017492205592379
530,217,11.726518417454795
531,157,2.0471537719498083
532,147,111.75458625999379
533,145,22.973276643766038
534,146,18.865428832142094
535,134,491.3648691557231
536,136,8.406361421046249
537,135,72.43451850289682
538,133,13.205629775446582
539,202,6.3576287003526
540,927,273.4218674027226
541,926,383.9210688793507
542,928,252.2801657132229
543,459,10.022474149904719
544,457,8.606140984369828
545,458,2.5031531669535507
546,460,4.516602805990016
547,296,542.9032012161392
548,297,180.78940520344588
549,295,157.26969832577612
550,294,35.12135811347865
551,119,520.4940288533628
552,120,123.93183609289346
553,118,226.8254091211809
554,117,35.56206988265368
555,858,363.5708607528526
556,859,337.3706358773439
557,857,228.6680748374939
558,250,164.03489399382966
559,251,305.29528381612073
560,249,304.9857636744694
561,248,25.50316952677443
562,220,368.6879754184676
563,219,226.685202397719
564,221,134.8520095819005
565,218,16.621107604844468
566,250,165.3976756240326
567,251,409.91665788485244
568,249,234.03614233809984
569,248,22.491428327011732
570,220,492.5340621607736
571,219,312.36773505142975
572,221,243.47992080153486
573,218,11.202576089754496
574,250,123.22402111500253
575,251,387.7064527599665
576,249,178.28845271830812
577,248,15.818677020356382
578,220,411.14448826359506
579,219,276.47592906560544
580,221,165.32878351607843
581,218,9.697720747678837
582,50,318.9909405352626
583,48,72.0679674198005
584,47,11.140743256403553
585,49,44.0332191757652
586,851,77.58766790362446
587,906,48.39418391663857
588,515,423.93126935744067
589,514,302.3276431292145
590,513,32.797336384100085
591,512,34.29343437187035
592,800,691.8088497496492
593,801,468.40477342990454
594,802,170.8132396520995
595,799,454.78910606198
596,798,45.49375051775924
597,50,440.07698722330326
598,48,61.19363365471915
599,49,43.244129433853615
600,47,6.355852482905124
601,851,62.07758955574187
602,907,6.228762566261299
603,906,44.761547440577715
604,904,4.446683703521713
605,515,525.0287029013132
606,514,159.5616532267297
607,512,16.378333884576627
608,800,782.9114202689696
609,801,630.046801737071
610,802,163.962569873982
611,799,452.69244680178826
612,798,32.17345573833339
613,50,450.02845515871155
614,48,39.84725319000759
615,49,28.93910061691299
616,47,5.017886347685504
617,851,56.67308247085965
618,907,4.914879429313002
619,906,35.138587743810206
620,515,419.513260502835
621,512,9.669607974680176
622,800,654.9891525740892
623,801,535.0263252198116
624,802,125.78807134442074
625,799,399.56719606245343
626,798,30.126555824093387
627,254,139.49726146946475
628,253,47.550440131692
629,255,37.458577287404665
630,354,39.65901675793056
631,160,291.1088699227496
632,161,500.9534387163634
633,159,4.095188594106983
634,767,233.1976374121014
635,768,345.9010064475812
636,728,117.91985377178962
637,727,111.27612898347333
638,749,23.140392705362515
639,750,187.88281620938568
640,455,25.196359408705355
641,268,0.0
642,578,0.0
643,495,268.1582619012705
644,494,358.3620768851638
645,497,95.22061554746448
646,493,61.4217010537566
647,496,336.0518812827142
648,657,1124.4737218219823
649,656,613.9477726161334
650,655,49.86950852599148
651,658,209.55023530270478
652,659,45.07375595624368
653,254,111.49322120687256
654,253,16.094880322117504
655,255,24.836792479920017
656,354,36.95231784549186
657,160,301.9313785814528
658,161,315.72794026143134
659,159,2.084155100799372
660,767,284.5351542215236
661,768,264.4889504704625
662,728,140.5372162805126
663,727,88.620864100016
664,749,41.15346628080914
665,750,111.97114829397623
666,455,14.561323521264097
667,268,0.0
668,267,0.0
669,269,0.0
670,270,0.0
671,578,0.0
672,579,0.0
673,580,0.0
674,577,0.0
675,495,407.6497970218193
676,494,593.1436145342573
677,497,114.48131535513049
678,493,58.978273490401804
679,496,449.5697709025797
680,657,829.7748188326673
681,656,821.6122390613817
682,655,69.32028712028605
683,658,317.29069626666654
684,659,84.75464877439786
685,254,124.37014887348167
686,253,10.698762971113261
687,255,20.013840044962507
688,351,4.8765848084845524
689,354,41.0730245815303
690,160,284.85804451437247
691,161,229.04056911566738
692,159,3.7412202433270303
693,767,244.52805294962127
694,768,175.04479774081955
695,728,123.14442454428459
696,727,51.49221144563559
697,749,28.079978370682475
698,750,100.78679707683706
699,268,0.0
700,269,0.0
701,270,0.0
702,267,0.0
703,578,0.0
704,579,0.0
705,580,0.0
706,577,0.0
707,495,501.6535238185466
708,494,651.1536821301554
709,497,157.60201941201527
710,493,43.921852143743635
711,496,625.0008861594529
712,657,828.9500987537025
713,656,692.5962887884172
714,655,60.779937252550525
715,658,361.5036560745167
716,659,87.01665807633142
717,111,127.18475919330447
718,110,331.09999356245186
719,108,49.78333435893436
720,112,66.48017707584006
721,109,55.12241024741757
722,673,112.80484539396831
723,674,56.1831544489347
724,671,27.459687561136047
725,672,32.99398674413807
726,824,478.2148725193328
727,823,464.19530221526065
728,822,116.95117967225272
729,825,122.63917834857364
730,826,99.10990089596159
731,602,671.3743359755484
732,600,328.9926297620425
733,599,79.15530146325193
734,601,1120.7235098454798
735,603,65.51877114803555
736,111,209.5412077786519
737,110,492.1510601874359
738,108,70.04583765572532
739,112,120.27817752927893
740,109,71.90736752514894
741,673,126.56240836370846
742,674,33.61164660600238
743,671,31.648620237714436
744,824,761.4283972432384
745,823,680.8855231335697
746,822,137.53361025728896
747,825,255.86704347130367
748,826,137.17852967009745
749,602,829.3118368025624
750,600,525.9786252197263
751,601,1275.033022271099
752,599,144.15117711635588
753,603,123.84543292445058
754,111,171.37761057284627
755,110,442.5468099673098
756,108,79.50290124878751
757,109,55.264361527117416
758,112,99.4843510454662
759,673,64.56797314055937
760,674,19.571155791714652
761,671,31.521803632747485
762,672,15.209552075464362
763,824,680.5419084327235
764,823,514.8630020611723
765,822,89.01339559650368
766,825,278.95964143916706
767,826,99.10161224798205
768,602,612.7048594550868
769,600,437.63327242903875
770,601,1196.256669987089
771,599,170.07255649346604
772,603,149.50608797055645
773,58,59.371027639622355
774,56,2.6784029558414972
775,57,44.748523384173225
776,59,84.85862154219232
777,228,50.499329806173556
778,227,24.421805262526693
779,229,38.26398424765388
780,3,753.1586190823427
781,1,169.77522941952515
782,2,51.811472366041855
783,842,135.69795260646822
784,840,368.7098233018255
785,841,55.60932827551794
786,570,239.38942486590238
787,571,161.74362256032234
788,569,180.3871378962794
789,144,252.7733263073078
790,143,461.5304947386527
791,142,303.2953273179736
792,41,7.181955563138377
793,42,0.0
794,40,5.533684125694343
795,65,49.16716034203088
796,339,593.0748522412705
797,338,618.1678229771409
798,337,410.1303232416804
799,336,158.1825540116234
800,753,4.655320396303397
801,752,4.367853312955297
802,57,48.0711116515357
803,56,7.5651306814725165
804,58,31.458618571859052
805,59,46.73064356399088
806,228,21.345448188552233
807,227,16.929683490190563
808,229,31.688080779462226
809,3,324.9761156057128
810,1,117.81132764886836
811,842,85.18108968822503
812,840,294.3294156368239
813,571,211.67715733353927
814,569,135.76684322553498
815,570,110.28377046260665
816,144,241.4567713452246
817,143,184.4432140963683
818,142,295.22494547957444
819,41,20.83059368998021
820,42,13.138955280641646
821,40,7.019402459422326
822,339,1016.7130670856698
823,338,716.4188630996592
824,337,459.9261426749138
825,336,136.54450108220715
826,753,14.117338307369383
827,752,13.954794979032746
828,56,5.175975594564319
829,58,25.81014420288892
830,57,33.84415615715258
831,59,39.36467691490181
832,227,13.460692352431138
833,229,25.509050241292137
834,3,258.7838257325945
835,1,102.07584011827926
836,2,15.855152691703097
837,842,78.30802859338102
838,840,201.71111147228464
839,571,174.75173227622892
840,570,75.48882004671341
841,569,120.10159163825787
842,144,230.395417354629
843,143,126.42517820756287
844,142,215.39424218853298
845,41,19.297652289036275
846,42,13.729391317125433
847,40,4.347632580726005
848,339,756.9584493781338
849,338,431.7025258667946
850,337,328.1946105661894
851,336,91.78315934977886
852,525,79.43943841760313
853,526,75.13451144489315
854,527,7.411051347380487
855,525,71.25992239610255
856,526,91.8556866969357
857,527,11.5248608176932
858,525,69.95955666762792
859,526,99.91961639184284
860,527,18.887797689167094
861,451,81.47375329953938
862,452,250.95863680265808
863,450,30.37148467263482
864,781,228.78807708054103
865,779,140.20571268422714
866,778,4.930993816152924
867,780,20.4484791610951
868,782,44.113453788083824
869,92,16.6891820097487
870,85,24.16758855843575
871,84,7.13826549318289
872,685,26.15479944937021
873,684,98.9031075095514
874,83,10.532895727017463
875,682,710.5320503465182
876,681,111.50342494460142
877,683,73.90342354402524
878,680,15.71479293539626
879,695,6.78106093260789
880,693,0.0
881,708,198.63295311039087
882,451,54.57352856941414
883,452,329.886459984043
884,450,12.913989708286609
885,781,265.3202887859346
886,780,39.734820570085795
887,782,55.43322506423809
888,779,73.45898041343989
889,92,13.270672660631107
890,85,34.50910973940398
891,685,15.383869437125245
892,684,40.94461608040855
893,83,4.111770692298815
894,682,516.8328951523475
895,681,128.59852570560489
896,683,49.614788596127575
897,680,29.406953302698906
898,695,14.859542171586504
899,693,1.8819836245082933
900,707,46.62229102679421
901,708,89.82275926172211
902,706,41.24658629029305
903,788,0.0
904,789,0.0
905,790,0.0
906,787,0.0
907,510,0.0
908,508,0.0
909,509,0.0
910,511,0.0
911,507,0.0
912,452,233.923640094335
913,451,34.98577319900821
914,781,276.657764314783
915,780,18.922008114197922
916,782,55.09474343006628
917,779,42.063649435986655
918,92,6.300806161992683
919,85,23.563618468221947
920,685,18.227931946261847
921,684,28.144328420130552
922,682,575.8549865385531
923,681,210.85438591927894
924,683,53.76378073876894
925,680,66.3937518554327
926,695,18.050544954416544
927,693,3.1145766641400576
928,708,69.35883740711492
929,788,0.0
930,789,0.0
931,790,0.0
932,787,0.0
933,510,0.0
934,508,0.0
935,509,0.0
936,511,0.0
937,507,0.0
938,605,146.95375960204908
939,606,120.77512445003154
940,607,43.16489306533463
941,702,96.19637761800088
942,703,64.40075004474606
943,701,51.70267425312996
944,704,30.21664570168812
945,151,103.78221607846271
946,149,50.51516732599733
947,148,16.239412697743532
948,150,205.6472556379505
949,666,312.1351650147164
950,667,409.3626824473925
951,665,12.949077075153166
952,670,55.39445787274342
953,668,69.78157438504346
954,669,45.84226178008083
955,362,84.81664728154071
956,361,95.95860070273395
957,360,7.731847961723918
958,288,95.85838795515839
959,286,85.57395983190388
960,287,67.7628669823209
961,285,9.284463593866132
962,289,67.82877251565435
963,605,139.65622016851864
964,606,137.5040730477933
965,607,38.05666182920711
966,702,107.52774919282696
967,703,48.12056301420458
968,701,53.57289622328875
969,704,25.9033038897137
970,151,91.25810836115636
971,148,12.96507695371613
972,150,155.67192947039587
973,149,63.01368665112933
974,666,461.98122223777045
975,667,890.3849665082266
976,665,45.19857857790188
977,670,158.3419396620887
978,668,220.0256325244405
979,669,128.09883723874123
980,362,144.2312691928736
981,361,148.44813797919704
982,360,30.430332292719125
983,288,187.91428934569555
984,287,58.8154461788061
985,286,212.17673633509168
986,285,34.76513636980353
987,289,112.64010487652021
988,605,99.49299157786186
989,606,123.19459487836835
990,607,43.456577990513246
991,702,95.28424836467643
992,703,99.2423842712036
993,701,52.67970084936605
994,704,36.838344654979466
995,148,6.206325551039664
996,149,62.15978289908055
997,150,153.65271026224616
998,151,76.38647604521468
999,666,404.4527393025309
1000,667,818.8662618163265
1001,665,50.591877119139525
1002,670,160.06064594923592
1003,668,177.61918480079964
1004,669,136.1441269336768
1005,362,165.47047363750966
1006,361,144.66540254940867
1007,360,33.796177598995754
1008,288,199.8716273714254
1009,287,64.41745770077377
1010,286,213.80527911125526
1011,289,83.76006408756598
1012,285,39.832256737224206
1013,99,364.8969775194238
1014,97,434.95503541039926
1015,100,65.25484005715727
1016,98,770.9220809679621
1017,62,253.73583927903124
1018,60,456.63607317813677
1019,63,157.01632820391092
1020,61,454.2128554785704
1021,743,114.40627133801947
1022,742,176.0073662808794
1023,741,84.33877996852739
1024,816,153.11457501089475
1025,818,47.09397746033919
1026,820,20.23818917129992
1027,817,74.63635311344977
1028,854,25.074131605014287
1029,856,17.369177426458826
1030,853,35.87896795163618
1031,852,23.25168762943159
1032,99,395.3351445105823
1033,97,371.6788721604272
1034,100,36.377001211127094
1035,98,684.4751420915442
1036,62,304.49178033328184
1037,60,351.06447411207773
1038,63,41.04924988955644
1039,61,586.539129337868
1040,742,182.19224687768755
1041,743,61.89078896450741
1042,741,76.50837775902721
1043,820,11.846117340324902
1044,816,75.49161781434566
1045,817,72.45376600272517
1046,818,19.90495562351777
1047,856,10.968077296675421
1048,853,31.350947211284936
1049,852,33.06372490063107
1050,855,6.208747121829062
1051,99,432.3094930296545
1052,97,362.13344754275835
1053,100,52.1888114330148
1054,98,686.9982684693816
1055,62,398.9899447344149
1056,60,335.2242255614926
1057,63,77.47845779792648
1058,61,519.4510745445104
1059,742,168.26825529708404
1060,741,69.33827457304955
1061,820,10.042723679793818
1062,817,51.278473369038956
1063,816,53.18021031585921
1064,856,11.501981392959484
1065,853,21.21646972192377
1066,852,28.907081269919022
1067,326,646.3459500968772
1068,325,162.60851125722064
1069,327,218.0755169638315
1070,328,39.88192606978424
1071,466,758.7294247414954
1072,467,206.6046670533263
1073,465,147.4764045614503
1074,172,353.21626056200193
1075,173,169.62384272812577
1076,171,142.10165868979158
1077,170,69.8225362249231
1078,358,380.72694288059853
1079,356,566.0583972898437
1080,355,249.68275636797594
1081,357,497.29825365621696
1082,359,145.82185274912734
1083,326,794.4398150816489
1084,325,204.4312204932357
1085,327,265.4179334087011
1086,328,66.0924882429482
1087,466,919.5702050016432
1088,467,390.2587821725943
1089,465,185.22472699569383
1090,173,276.2165281980522
1091,172,560.3411150089897
1092,171,177.42724090378096
1093,170,44.9179596614286
1094,358,544.7739566318179
1095,356,777.9475591487195
1096,355,104.52631880470405
1097,357,789.0531879833255
1098,359,122.66413920376404
1099,836,0.0
1100,835,0.0
1101,834,0.0
1102,837,0.0
1103,838,0.0
1104,711,0.0
1105,709,0.0
1106,710,0.0
1107,712,0.0
1108,326,766.6661639413938
1109,325,197.36975176565696
1110,327,257.9908407308977
1111,328,56.9221404850186
1112,466,950.7044018526369
1113,467,349.5914632934292
1114,465,172.18495325256436
1115,173,274.2127784834467
1116,172,566.5720618665514
1117,171,152.30133347501013
1118,170,34.97048353902106
1119,358,510.94339908280347
1120,356,642.0811402135691
1121,355,79.4016406095117
1122,357,720.589447566368
1123,359,85.96698096651907
1124,836,0.0
1125,837,0.0
1126,835,0.0
1127,834,0.0
1128,838,0.0
1129,711,0.0
1130,712,0.0
1131,710,0.0
1132,709,0.0
1133,634,792.8877468305418
1134,632,266.546064801264
1135,633,587.5500566986393
1136,635,27.967318450937924
1137,430,514.3924181055355
1138,429,291.90695246320894
1139,431,151.00556160875968
1140,428,5.510671535467547
1141,888,822.9630386689466
1142,887,262.04352822689725
1143,889,354.3930088107969
1144,886,6.57650571287875
1145,13,14.576475032418335
1146,934,4.346029396613382
1147,642,464.52965720484485
1148,643,179.09050751269262
1149,644,307.6715324248916
1150,645,30.93733501253296
1151,634,330.2543960132701
1152,632,262.47585419874764
1153,633,608.1384967142826
1154,635,30.893620721028654
1155,430,426.9820898403092
1156,429,286.10256626588966
1157,431,189.53703683831617
1158,428,4.962174522376966
1159,888,880.0981255604006
1160,887,290.238160743539
1161,886,13.897408213542628
1162,889,169.73369334558473
1163,11,12.394512316375163
1164,13,16.288101241357328
1165,934,4.425687811318463
1166,4,6.226592401791674
1167,642,272.99619958676703
1168,643,211.91518346890308
1169,644,192.66216988007707
1170,645,14.055143153492361
1171,662,0.0
1172,663,0.0
1173,661,0.0
1174,660,4.393197171938681
1175,664,0.0
1176,626,0.0
1177,625,0.0
1178,624,5.202123422591739
1179,634,238.98445917125989
1180,633,571.7614009165173
1181,632,314.94816745941176
1182,635,15.559379272304643
1183,430,458.4781519785799
1184,429,416.15039818970683
1185,431,164.98990655719913
1186,428,3.879664334591725
1187,888,899.2867884179959
1188,887,281.3678403386591
1189,889,107.81602651066088
1190,934,7.095470951195084
1191,4,4.7608881888690835
1192,6,5.26898621575229
1193,642,204.42974605795183
1194,643,175.7859930222818
1195,644,124.13615669144123
1196,662,0.0
1197,663,0.0
1198,661,0.0
1199,660,3.2689922089476933
1200,664,0.0
1201,626,0.0
1202,624,3.510100861644928
1203,625,0.0
1204,89,39.987379029090945
1205,87,169.0132037011141
1206,88,221.45808118915048
1207,86,19.822010127426488
1208,884,336.34062386778976
1209,885,71.08625996823667
1210,883,137.53605674306309
1211,882,3.6109319408310556
1212,716,65.35387948913606
1213,714,174.1413979540351
1214,715,127.53141988300995
1215,412,172.58729980953584
1216,410,123.4147725340313
1217,411,115.07905345473473
1218,543,8.879113189753799
1219,425,39.12685200413512
1220,427,22.094206750292418
1221,447,93.95666256222792
1222,486,47.738862354932174
1223,499,103.44859613474657
1224,500,23.558902109370848
1225,501,85.24214630736971
1226,832,6.7388026686734985
1227,831,19.26185098163172
1228,833,36.85881291163493
1229,521,30.40363141054149
1230,523,100.94205154290606
1231,860,58.62091692531085
1232,551,183.08769647124305
1233,548,8.169366165710235
1234,445,524.4239159075491
1235,446,270.15412033831984
1236,444,458.6217717454114
1237,443,113.1440855088134
1238,491,491.5364446703331
1239,489,546.5787860496979
1240,488,375.10752531942325
1241,490,732.0332245157759
1242,492,192.05716906643136
1243,89,73.58925967904088
1244,87,197.06789126381813
1245,88,296.6411266562821
1246,86,10.11753952267984
1247,884,358.033421870259
1248,885,84.32503693737998
1249,882,5.337708090044562
1250,883,100.22336511809802
1251,716,118.89101119646634
1252,714,157.06339252231444
1253,715,145.02906442751606
1254,412,267.67598605016343
1255,410,194.66383512033238
1256,411,184.8966396438591
1257,543,8.1078316180743
1258,426,3.66291193340966
1259,425,14.637079447895445
1260,427,11.025672076590428
1261,447,50.709401206377244
1262,487,3.8757057273450815
1263,486,15.400956262093146
1264,501,34.50359939309903
1265,832,10.269097442324599
1266,523,50.194129184634846
1267,843,3.500077616890263
1268,860,23.166855011384822
1269,551,95.9602587217226
1270,549,10.167877059741492
1271,445,436.397413761516
1272,446,211.31911839915887
1273,444,389.872507900074
1274,443,137.22614182272463
1275,261,0.0
1276,468,0.0
1277,491,387.6805389998644
1278,489,543.8126994371643
1279,488,380.04197001662027
1280,490,758.3127737900054
1281,492,99.88490359485789
1282,89,64.80622072196876
1283,87,227.62022944384674
1284,88,316.3952159290847
1285,884,238.47357885408857
1286,885,73.99495197722963
1287,882,8.333327548957834
1288,883,65.65603718097371
1289,716,181.46880606303424
1290,714,119.97862552341346
1291,715,177.74405960764608
1292,412,320.631861855608
1293,410,188.30923945928373
1294,411,170.5106472790603
1295,543,9.261848131999301
1296,426,5.299810574861695
1297,427,9.77906098310722
1298,447,29.787183692289222
1299,487,4.016668840000134
1300,486,13.61937786843908
1301,501,25.747923226324936
1302,499,30.39469799016653
1303,498,8.199778383692667
1304,832,8.122023093214924
1305,523,19.12846356251485
1306,843,5.128754985136708
1307,860,27.090314704315844
1308,551,59.427789603998605
1309,445,441.2128410198099
1310,446,273.4572192464548
1311,444,441.9153904104896
1312,443,123.37143079121392
1313,491,335.83594636496775
1314,489,519.1191178811578
1315,488,407.4672535981363
1316,490,746.1414959356008
1317,492,93.24031411388374
1318,793,280.63671494390564
1319,792,446.8910798570216
1320,794,30.340820661438013
1321,791,197.03162888003504
1322,804,263.51899938188114
1323,805,344.3421637674401
1324,803,39.80301076192539
1325,806,204.78008182383033
1326,900,117.99793077855774
1327,901,332.61767352996964
1328,902,226.66293986176862
1329,903,116.27571193806824
1330,793,290.9737208421511
1331,792,470.5702029870476
1332,794,40.14425334744692
1333,791,188.56481901136056
1334,805,564.6279181789197
1335,804,386.0084443821976
1336,803,96.32921891895322
1337,806,243.3273078395245
1338,900,181.84731975529246
1339,901,595.6610511610476
1340,902,414.02290747509943
1341,903,185.07668038528573
1342,793,243.91175942158713
1343,792,453.8312461325796
1344,794,27.588173346900298
1345,791,176.48738930642233
1346,805,524.9082083762277
1347,804,333.7035746090329
1348,803,77.65174217519481
1349,806,271.819039119714
1350,900,167.10244618695143
1351,901,510.1848731992092
1352,902,419.6514522874909
1353,903,201.73303775068075
1354,827,7.084810148473956
1355,347,0.45258743765328313
1356,345,15.383998604971683
1357,130,37.61716871762378
1358,28,142.32240902523463
1359,29,2.763651048416304
1360,30,39.87929541841068
1361,177,46.18604831932163
1362,175,31.881459491573068
1363,176,71.12455232026014
1364,178,16.590600861409865
1365,563,12.315465439642974
1366,562,45.60282950109047
1367,561,19.299202681527422
1368,827,4.385473799371892
1369,347,5.369478482458865
1370,345,7.46911623824054
1371,130,18.913310904915132
1372,28,114.26478957808274
1373,26,4.855350339143735
1374,175,12.54838336448276
1375,176,64.81265254010617
1376,563,17.702906006549423
1377,827,3.3952798614770265
1378,347,3.4522972264089296
1379,130,16.027089515409003
1380,28,75.21710074466645
1381,176,53.62044388377464
1382,563,12.49129487414531
1383,330,4.329688646736878
1384,588,456.8220887514181
1385,586,58.99198690368324
1386,589,254.2173019471975
1387,587,89.43422123163413
1388,640,179.09903635574682
1389,641,0.0
1390,588,564.0822966071903
1391,586,50.11385261859715
1392,589,224.21334025415902
1393,587,94.4379797981609
1394,640,93.3422821106016
1395,641,0.606927230955032
1396,588,735.3913558974174
1397,586,31.493319005891237
1398,589,293.1905606955197
1399,587,72.07977674126286
1400,640,105.05392156214961
1401,641,2.544309903959906
1402,435,204.7511200869222
1403,433,492.0708825642956
1404,434,621.0493487440248
1405,432,72.52542220223302
1406,402,634.8518960601882
1407,403,108.0575176325537
1408,401,233.8655987382505
1409,343,204.10542889889933
1410,340,49.477965427032544
1411,342,9.589298146355096
1412,123,260.927329424597
1413,124,418.0962573234208
1414,122,174.78168412552756
1415,121,12.09276311386268
1416,717,8.73367619666783
1417,764,2.4649528345627085
1418,765,12.01444197008112
1419,300,335.5903516296073
1420,299,65.47876798820324
1421,298,7.905728221419323
1422,713,9.88971310999259
1423,718,7.348653420074701
1424,732,135.11608288086262
1425,737,9.260700515263684
1426,745,55.38483919861368
1427,350,92.8376337466476
1428,349,68.0757784467086
1429,380,218.8821411072666
1430,379,58.97282518403449
1431,773,36.632242794468134
1432,370,8.31438662372614
1433,575,368.96653399040997
1434,574,831.751136786925
1435,572,648.5287608844451
1436,573,686.3095851137657
1437,435,293.8813992758829
1438,433,459.678880969567
1439,432,57.179093854434996
1440,434,534.164024180397
1441,403,35.249295105575996
1442,400,0.0
1443,401,87.20852314270988
1444,402,196.50183437668858
1445,343,96.06009726143336
1446,342,12.868197373866863
1447,123,198.71897660324072
1448,124,420.1416773022703
1449,122,58.99012338388627
1450,717,21.052971461356204
1451,764,3.6051099016909833
1452,765,6.94992614670814
1453,300,197.0664888372011
1454,299,27.06248035862475
1455,301,5.060096953309827
1456,713,15.97642262702345
1457,719,2.3621424852222725
1458,718,11.630933758216731
1459,732,76.45695221695716
1460,737,12.963087685216243
1461,745,82.47702633516454
1462,349,98.3686648772204
1463,350,44.18223827079916
1464,380,222.85640733898188
1465,378,8.033808244226126
1466,379,38.646500754872235
1467,773,26.732094546004895
1468,370,5.643111070666257
1469,575,595.7517878375654
1470,574,1458.9159561141773
1471,573,1240.329157185477
1472,572,530.2253089949876
1473,435,281.6732780249345
1474,433,454.2790227473451
1475,432,39.1914384342035
1476,434,513.8088627699053
1477,403,47.32349619800192
1478,400,3.281603695229424
1479,402,115.98603595043372
1480,340,20.96008733417648
1481,343,59.71602510552577
1482,342,10.439275109938677
1483,123,149.54247133866724
1484,124,378.28605571111353
1485,121,8.904270419556887
1486,122,40.55943457800722
1487,717,16.650677091238457
1488,764,8.547947675856529
1489,765,10.961551812261956
1490,300,187.9338241003619
1491,299,19.619665618341585
1492,713,12.103431514136393
1493,719,3.395847119623224
1494,718,16.87544815448311
1495,732,48.41788317634141
1496,737,9.796501578466787
1497,745,96.72534144650254
1498,349,98.92831392336517
1499,350,27.342817793568877
1500,348,62.4546453075733
1501,381,4.378208396901301
1502,380,161.78005659978956
1503,379,29.145295721054097
1504,773,35.528111996187675
1505,370,4.624840146759308
1506,365,0.0
1507,366,0.0
1508,364,0.0
1509,363,0.0
1510,575,602.5931706583924
1511,574,1923.4324302799314
1512,573,1202.5577927580302
1513,572,354.0151687559006
1514,870,18.994833797132195
1515,868,15.365121056991937
1516,871,23.657563493461243
1517,869,35.46390223108985
1518,478,66.90516148884673
1519,480,318.3821753659615
1520,481,17.53007360484324
1521,234,214.32492007346417
1522,233,492.2471823208479
1523,232,193.03070709389047
1524,231,202.61625391937332
1525,415,5.385807231691007
1526,44,45.88854811125682
1527,46,232.03314337134435
1528,45,113.20333537608683
1529,21,169.58953426939976
1530,19,31.140511315339076
1531,22,7.870971188830399
1532,18,17.83001990844269
1533,319,43.849444151808456
1534,318,188.07923872299892
1535,316,109.74672905511453
1536,317,24.306165974866623
1537,937,107.44331395444004
1538,938,104.44399773235646
1539,935,64.18724218883848
1540,519,41.679383202475144
1541,517,24.511502148926596
1542,518,10.363029140813511
1543,584,552.1247988030293
1544,582,397.21607535258454
1545,581,115.57505561675808
1546,583,542.2305060428437
1547,585,69.71817852251603
1548,638,1344.133126345779
1549,636,106.79040868082635
1550,637,35.38654568532882
1551,639,129.5015569366555
1552,162,88.71280400421931
1553,165,221.72526876245934
1554,164,231.64211481083433
1555,163,169.91557984007602
1556,783,167.82890743064493
1557,786,246.33781378134833
1558,785,232.6827890775089
1559,784,261.1643614356503
1560,868,8.000158965588804
1561,871,24.526519690337047
1562,869,23.575301219891756
1563,478,49.644460564467074
1564,481,17.230739684645624
1565,234,280.4742165240442
1566,233,552.8807796032494
1567,232,166.5478492075511
1568,231,121.4596205922048
1569,415,8.39899118165025
1570,44,69.67677056970454
1571,45,75.31703164629832
1572,46,107.17530471455477
1573,21,190.18418971594144
1574,20,15.270994770076035
1575,19,22.312767222383588
1576,22,9.618325324951439
1577,319,66.34619490635285
1578,318,59.891755254973205
1579,316,51.0345406638052
1580,937,94.20393945330017
1581,938,90.41487811508058
1582,935,28.75046871322218
1583,519,44.32001817579908
1584,517,34.490586861941004
1585,518,22.498852075712158
1586,584,525.1196478032426
1587,581,142.1479483693466
1588,582,399.9390791643949
1589,583,640.7603498470916
1590,585,72.34885768879577
1591,638,1641.9441041177488
1592,636,92.97406415873459
1593,637,46.158835457475455
1594,639,60.65564625106687
1595,162,164.32389314348717
1596,165,332.38370915315784
1597,164,358.27982101533314
1598,163,289.3894968271313
1599,783,168.69888418148943
1600,785,345.4019218571148
1601,784,338.67510428973355
1602,786,323.54766968882853
1603,723,0.0
1604,722,0.0
1605,721,0.0
1606,720,0.0
1607,724,0.0
1608,898,0.0
1609,896,0.0
1610,897,0.0
1611,895,0.0
1612,899,0.0
1613,869,11.476572978520474
1614,871,16.782449056937907
1615,480,108.77312575437722
1616,481,30.70284498140363
1617,234,449.9785516346295
1618,233,516.2068976336172
1619,231,77.4586128170378
1620,232,92.46002955446662
1621,415,8.997611602330492
1622,44,48.14307746132884
1623,45,35.363281670371855
1624,46,73.35607419442385
1625,21,204.7612763370253
1626,22,21.375892696955763
1627,18,8.328349093283213
1628,319,75.60243220370722
1629,318,52.195454782054874
1630,937,60.01289018884716
1631,938,76.59218925279798
1632,935,20.62258247009652
1633,519,32.48876609175113
1634,518,37.321322607123335
1635,584,477.8534088215177
1636,582,338.490819410971
1637,581,95.42522448238834
1638,583,581.218579928144
1639,585,129.4529958275412
1640,638,1176.8372212957863
1641,636,55.85455669736453
1642,637,40.563285329529535
1643,639,49.00137181384663
1644,162,100.91822703664599
1645,165,154.2790990970926
1646,164,185.80874447220512
1647,163,165.1726563508049
1648,783,117.00667693577877
1649,785,174.88590002853158
1650,784,214.4501936293706
1651,786,245.62897318952275
1652,723,0.0
1653,721,0.0
1654,722,0.0
1655,720,0.0
1656,724,0.0
1657,898,0.0
1658,896,0.0
1659,897,0.0
1660,895,0.0
1661,899,0.0
1662,375,82.35795330038432
1663,374,159.87114383114476
1664,373,28.6524303176657
1665,242,258.1393338147668
1666,243,123.23277433479028
1667,240,4.192053820492332
1668,241,47.73427182160897
1669,211,96.08468533531509
1670,209,2.543159751557372
1671,210,110.77834226652382
1672,463,61.10315381866539
1673,462,276.99024394881343
1674,394,111.43673442604383
1675,392,91.0100941022574
1676,393,132.65466646046315
1677,375,77.52931525020503
1678,374,169.201440359053
1679,242,254.60501642757288
1680,243,131.79819391136553
1681,241,19.2598957389602
1682,211,65.26805517849857
1683,210,59.517230106161534
1684,463,66.60409238882845
1685,462,272.04891707559983
1686,394,179.08094739851333
1687,393,146.47863987079276
1688,392,79.85593988563767
1689,375,90.76876399153346
1690,374,175.9764642132738
1691,243,135.73498520059144
1692,242,215.0626920032359
1693,211,78.46750620213206
1694,210,45.02978343388088
1695,463,110.52022160499129
1696,462,378.26890629741933
1697,394,162.46282707227653
1698,393,172.27285627448967
1699,392,53.36990390130714
1700,554,197.17233972509854
1701,555,183.24257202441262
1702,556,23.860139596788798
1703,552,28.33426035987272
1704,553,41.5155244429387
1705,867,86.68066772856578
1706,864,74.4258176929307
1707,865,190.79703562466702
1708,866,453.2154388014552
1709,274,187.52384928592073
1710,273,163.67217186162387
1711,272,102.06976774733694
1712,271,109.746691129526
1713,275,19.476790929806512
1714,529,328.5456957527915
1715,528,60.098104233839166
1716,530,89.03075961886347
1717,531,128.25812666732745
1718,554,255.27185805122912
1719,555,203.72376705053142
1720,556,38.55500022839006
1721,552,40.32718494456553
1722,553,41.688675507407126
1723,867,112.04001487321264
1724,864,101.2964657456049
1725,865,269.958698254113
1726,866,245.60692844867893
1727,274,219.2333259912786
1728,273,191.76683354457256
1729,272,153.9843111471311
1730,271,51.72368152941092
1731,275,37.87965623215986
1732,529,269.4204531103005
1733,528,83.92364940854337
1734,530,124.15035615146643
1735,531,119.6987802123993
1736,554,250.30280446858558
1737,555,307.04410465520573
1738,556,49.366953186134864
1739,552,56.735635707191264
1740,553,29.174994375375363
1741,867,122.94263127799165
1742,864,107.96497782030896
1743,865,405.1612568311918
1744,866,244.94905078375535
1745,274,245.23935839005344
1746,273,213.88847222244334
1747,272,132.13907154752187
1748,275,40.895296818522326
1749,271,52.28252908176663
1750,529,224.23920529844327
1751,528,72.57681088433336
1752,530,111.59090822488491
1753,531,156.90085775543798
1754,196,87.53426394281404
1755,194,694.7056956905604
1756,193,491.2903398051884
1757,195,750.802766215816
1758,192,37.145692380334935
1759,180,29.33576407378685
1760,181,89.36572270391167
1761,385,85.38809603427578
1762,386,135.60888413912625
1763,384,11.23389501621662
1764,262,154.84334540027305
1765,263,1244.6798192438234
1766,264,1524.3616826979382
1767,265,3126.743138458901
1768,266,122.15647400106019
1769,322,259.5196879857419
1770,321,66.6996176046008
1771,323,169.25320620496225
1772,320,36.61972703319881
1773,196,105.84590884205444
1774,194,823.5498935743645
1775,193,520.9192202882563
1776,195,823.0544102628093
1777,192,45.24097684651449
1778,181,69.99729078726868
1779,180,21.66481551769931
1780,182,12.032555993165307
1781,179,8.543849226375409
1782,385,56.55979216027316
1783,386,122.14475951119177
1784,387,7.31667289718568
1785,384,11.104915588756501
1786,262,304.4706477259041
1787,263,1668.521306003921
1788,264,1886.9482283516684
1789,266,132.15749437995873
1790,265,3208.4261987879822
1791,322,405.48417867374
1792,321,67.23914607470041
1793,323,110.39534955866627
1794,320,62.876487831025045
1795,196,99.49646756602318
1796,194,850.4261989074068
1797,195,593.2573997106082
1798,193,629.2856464395769
1799,192,34.91252329587693
1800,179,9.790790679421432
1801,181,58.562364755171345
1802,180,23.17742738705064
1803,182,14.35630078881352
1804,385,46.66041924660324
1805,386,90.20703175793737
1806,387,7.306770088396881
1807,384,10.790838081175352
1808,262,210.57278823644276
1809,263,1440.002408924668
1810,264,1669.9670062626103
1811,266,121.93409955699741
1812,265,2316.8819971154912
1813,322,330.78667383122036
1814,323,110.52209189307817
1815,320,66.4509928270766
1816,321,67.66970457586895
