id,value,bulk_spalen_id
0,804.6091961837068,647
1,1186.424062798659,648
2,198.2644738194034,646
3,673.0709995061649,649
4,480.30891821229636,647
5,752.0288642687474,648
6,174.70733632086353,646
7,389.67522474066266,649
8,317.220392322144,597
9,142.19016418516287,598
10,66.37376174402712,595
11,167.26068022292867,596
12,437.0417502063874,647
13,742.2461762026176,648
14,177.05304586395877,646
15,406.2775682872998,649
16,324.28575687019855,597
17,149.7002306071765,598
18,41.79667547162192,595
19,179.70939432756177,596
20,25.34243395008765,80
21,16.278360805225713,80
22,16.69848972060451,80
23,291.02209594493945,72
24,97.48687935928379,758
25,237.13744360705033,757
26,148.9931695185881,304
27,174.935462384219,303
28,35.19842249293115,847
29,301.33995958820367,618
30,157.22088451144197,616
31,210.04094351464136,619
32,303.0387370322786,617
33,357.5512614119431,128
34,1471.1908215112992,127
35,44.4087854185816,125
36,32.65548249427845,314
37,35.27827128134473,537
38,105.21595536161877,919
39,230.60221971903138,921
40,498.03704606690826,920
41,178.31634371488815,918
42,399.0305465070388,237
43,164.71329711844487,236
44,42.69882259845777,235
45,220.58820261412106,238
46,168.2583878499237,239
47,398.09018665741957,115
48,220.15998223590358,116
49,173.73600915929373,114
50,48.796038976035405,113
51,395.01642165322994,369
52,421.09068210841514,368
53,184.30750348704467,367
54,377.47866845889905,25
55,359.409202506809,24
56,92.49198698771329,23
57,39.559231937758526,71
58,89.81156420654582,72
59,92.41438135568896,758
60,91.05985937709606,757
61,119.47446003338734,304
62,92.8919299094227,303
63,301.077455538863,618
64,211.84941368985966,619
65,184.15843932846772,616
66,356.3060178292303,617
67,194.0684842170768,128
68,237.26927233463076,127
69,35.357837628157355,314
70,38.40149803098713,537
71,23.88976577051142,918
72,143.11760811651976,921
73,89.15837170857824,919
74,191.65752630262682,920
75,385.50356427590356,237
76,167.12482914603862,236
77,47.72414339914629,235
78,205.72465069600312,238
79,144.84811435408741,239
80,386.07552700878523,115
81,172.84836468463973,114
82,214.3908353116028,116
83,44.61916728711657,113
84,198.18493344108808,369
85,128.43247478604135,367
86,237.59299480831024,368
87,88.10633773720858,23
88,145.66810780655004,25
89,235.81205295734736,24
90,31.362674232287777,71
91,81.05157572935518,72
92,90.8317529959292,758
93,91.92341527696362,757
94,119.47446003338734,304
95,82.15176125266052,303
96,6.144290779561886,334
97,300.96935592225884,618
98,208.04617881928817,619
99,180.42628240893296,616
100,354.27655656331933,617
101,191.94708627070077,128
102,204.52143288997138,127
103,39.985351656487275,314
104,27.545513723521587,918
105,143.11760811651976,921
106,86.76352957441358,919
107,190.10228361976414,920
108,370.48968944146657,237
109,47.24290424635075,235
110,166.7075017317476,236
111,205.71393659461282,238
112,128.9131844066519,239
113,383.26871338613563,115
114,172.584567195582,114
115,209.96495716032837,116
116,45.6084341643443,113
117,223.54605599021926,369
118,128.03965355915597,367
119,227.30727198649083,368
120,87.64595461724946,23
121,149.69418180863642,25
122,219.1006869514011,24
123,431.50446888221666,377
124,58.248613276760125,376
125,168.90288313847034,377
126,87.05489630368831,376
127,180.0061477823801,377
128,85.56043356589572,376
129,27.483746275755372,470
130,183.93747082045923,472
131,432.1983160162299,471
132,58.009979773822295,473
133,0.0,469
134,230.6351124282583,631
135,558.4878653470032,630
136,241.95696424179064,628
137,447.62638203958977,629
138,73.23764024718648,627
139,0.0,35
140,285.0023030732492,37
141,191.92672943422093,38
142,22.71189269011176,36
143,45.786995840510826,470
144,180.04090165835274,472
145,355.39959887519205,471
146,30.67904001466538,473
147,0.0,469
148,198.29497495144918,631
149,414.3149268166852,630
150,186.09311162728562,628
151,59.16506627571509,627
152,402.30833265224425,629
153,291.72301524651925,37
154,163.94391447437488,38
155,27.055427200295235,36
156,0.0,35
157,48.085057326009036,470
158,209.64697801250517,472
159,291.70055320843375,471
160,0.0,473
161,0.0,469
162,152.45441157888007,631
163,403.17535411272286,630
164,53.37944238554009,627
165,420.3155718124566,629
166,186.90499500278307,628
167,249.08438602812421,37
168,202.57800821631955,38
169,36.27178648389618,36
170,0.0,35
171,1554.5959085291638,33
172,709.5322427871743,32
173,1488.577865240229,34
174,57.24601947275587,31
175,290.58520286658995,307
176,62.04878964972725,308
177,178.06969576679313,306
178,0.0,305
179,396.7791803352658,688
180,316.5640315207661,687
181,311.83946985384443,33
182,171.58992423957685,32
183,234.70482086730937,34
184,30.0032916048946,31
185,257.2842871928555,307
186,134.6726566203542,308
187,90.67154831852096,306
188,6.243813282847895,305
189,176.27075182045152,688
190,89.85260786837088,687
191,322.9663157934813,33
192,162.96719812609894,32
193,241.75741158621312,34
194,53.08998379320195,31
195,218.475476481435,307
196,154.33049887600686,308
197,106.82223498812803,306
198,4.4991936192240765,305
199,191.92620644923315,688
200,105.67642298350033,687
201,371.47579926789876,729
202,64.19533730056953,730
203,144.76812244323963,731
204,324.32791429917285,735
205,255.54539766409744,734
206,290.2124487621187,738
207,88.65915167816034,759
208,143.98280258772087,760
209,48.21746474761499,769
210,59.636773532430674,257
211,99.23183549671354,731
212,22.98432692493794,729
213,101.02173020889833,735
214,152.2232165981821,734
215,0.0,738
216,68.24780762250337,760
217,120.29110112853782,770
218,73.33140191670103,769
219,98.46998198732898,258
220,139.17919993378044,260
221,98.74363953377895,731
222,22.98432692493794,729
223,96.58346695106918,735
224,165.70571876706845,734
225,119.808977103041,739
226,68.24780762250337,760
227,73.33140191670103,769
228,91.07228790590193,260
229,164.35491712500215,224
230,101.86301058183295,223
231,77.81768275348199,406
232,102.11833949080415,407
233,170.02013478200743,405
234,122.4555969547088,404
235,324.88212918657075,892
236,324.90658681750546,893
237,259.4425625904863,894
238,24.059867453537414,891
239,496.88211243442163,613
240,389.39551612924134,614
241,248.97106685126067,615
242,7.434256578503927,612
243,73.04554392794743,67
244,23.22848420433143,69
245,85.80823327070766,930
246,554.5607523454051,592
247,334.50011017319423,591
248,692.3958192191155,593
249,73.90068552611174,594
250,98.4389150674422,590
251,64.95671115671556,917
252,304.7150197636487,916
253,444.04523016211704,915
254,33.57518217363761,914
255,1010.529227855747,924
256,125.58691822186196,923
257,250.31641772679663,925
258,27.43349403494358,922
259,152.5327576938417,247
260,69.77368591577155,246
261,91.90418204796097,814
262,66.65792515402016,815
263,504.4561650759746,283
264,120.70589207253116,280
265,1338.8745224247832,282
266,663.5287423375197,281
267,159.79825473657087,284
268,571.2362135279321,54
269,1227.001027954998,53
270,118.42209442789388,51
271,211.15595723191026,55
272,547.5168347999995,52
273,394.37836629630476,214
274,69.60800905116363,212
275,260.2938831004636,213
276,251.83315862987337,215
277,265.35877738135036,277
278,242.999604875852,279
279,382.9966320696311,278
280,76.53133849387291,276
281,209.8908235859586,224
282,47.003665186657315,406
283,91.59066465774019,407
284,331.799704128413,892
285,389.22387634893516,893
286,153.91794532139454,894
287,56.24227082967574,891
288,310.89684583831075,613
289,426.9424370508931,614
290,40.90390787377088,615
291,172.00177802024965,67
292,106.6917407894377,930
293,446.82011658300127,592
294,237.47841502654774,591
295,235.90064104213428,593
296,73.63873453603759,594
297,62.544460039712035,590
298,73.82123982732908,917
299,265.7282077642151,916
300,212.15969629370588,915
301,28.410085126424246,914
302,482.69254397663855,924
303,189.02812886073616,923
304,143.29762049264536,925
305,26.428313837525753,922
306,4.995966307729771,247
307,84.6588637466015,813
308,269.11099362689345,815
309,352.86858222893227,283
310,113.1868845457548,280
311,580.2724661513454,282
312,360.75486844699446,281
313,151.87455550646908,284
314,315.97226332193196,54
315,648.0917078161513,53
316,104.84697286684874,51
317,107.66485196807048,55
318,317.7478099419693,52
319,452.04925873206975,534
320,103.4970292573784,532
321,333.0716280794874,533
322,309.126960569451,535
323,194.04716491461377,536
324,464.90694670513966,397
325,112.58405410652418,395
326,325.961883483136,396
327,295.9278904417573,398
328,174.46215150083884,399
329,425.4708637421175,214
330,90.10133468743557,212
331,283.2672719517192,213
332,244.7397019733403,215
333,285.3778529383656,277
334,245.7259022364014,279
335,402.4175022212436,278
336,88.09828414055544,276
337,231.11259935538882,224
338,39.37793815101036,406
339,215.4957027330946,404
340,98.1385789576473,407
341,306.6565162449577,892
342,397.84317120529727,893
343,326.00152908145884,894
344,55.838773915184014,891
345,316.2325235052411,613
346,41.91667605166837,615
347,484.6566862557693,592
348,243.84318672174714,591
349,221.9528549941791,593
350,64.6150987888066,594
351,56.682342612110915,590
352,71.72719783984058,917
353,278.2773878279703,916
354,227.9877288544153,915
355,28.006588211932524,914
356,476.39751003813825,924
357,193.47718118114162,923
358,159.75007509799718,925
359,24.992160653416654,922
360,0.0,247
361,133.02546782576601,813
362,276.0245936754349,815
363,301.73767249885657,283
364,109.08170109872363,280
365,538.2471738756549,282
366,376.9499104044642,281
367,145.43917418665814,284
368,304.4931433627724,54
369,593.3403495815171,53
370,99.67699338693355,51
371,105.21338258363457,55
372,329.3976943164375,52
373,422.75783056901474,534
374,82.89874617804675,532
375,308.62717171938755,533
376,309.5564050478161,535
377,185.1424617054081,536
378,410.2013233889294,397
379,309.89751991233834,396
380,269.1231890557143,398
381,90.93898577378329,395
382,156.42239896286938,399
383,386.1423985859536,214
384,73.80229441361774,212
385,286.01240150561205,213
386,203.1051539559928,215
387,291.9116481775528,277
388,211.7206528107866,279
389,381.00299770975255,278
390,80.7168486979756,276
391,254.25439729539548,419
392,258.90012437986786,418
393,149.61836313107193,420
394,17.15159851519416,620
395,146.37114244520075,623
396,138.54900743595022,622
397,108.6102351338844,621
398,238.50467093718504,9
399,185.0687964193352,10
400,128.49267305862023,8
401,492.42837470550995,678
402,214.06138897576594,679
403,199.31084951010493,677
404,159.85113944297944,810
405,190.08990688090086,808
406,159.03870738183485,807
407,1006.5772510333975,809
408,143.98175840695072,811
409,70.32408119559486,502
410,364.5450885774284,504
411,159.06987534044612,503
412,189.8654191218445,505
413,208.48449483499476,419
414,125.93203215429394,418
415,133.220573856008,420
416,18.8336911118189,620
417,104.50059895926293,623
418,174.4218813618724,622
419,81.49239602428636,621
420,148.96549918961102,9
421,134.29680037991574,10
422,95.00579205168165,8
423,135.2410748914945,679
424,153.81794718702503,678
425,99.6055847546838,677
426,142.256598217209,810
427,117.88651523409128,808
428,55.02331022073471,807
429,318.1501239945761,809
430,61.212567852950464,811
431,376.3606562499232,504
432,160.37012461884422,503
433,176.39583640115114,505
434,43.67554037000664,502
435,227.2712342634747,419
436,133.43747939033256,418
437,142.8049145604995,420
438,119.76936315969495,623
439,165.8184751549993,622
440,16.55628112320864,620
441,99.3939978699447,621
442,170.95511007596616,9
443,154.4775972082034,10
444,112.19908768190082,8
445,170.4385423683149,678
446,144.71085120689557,679
447,110.26676097238274,677
448,163.4855253630442,810
449,129.9615447716787,808
450,330.0596536091104,809
451,45.856421129898834,807
452,35.306018527342815,811
453,369.0748114304271,504
454,170.17278708861542,503
455,36.55915647255205,502
456,196.53734094837313,505
457,777.7548914076166,878
458,113.23148330981994,879
459,294.34974976907677,877
460,50.92719548656309,876
461,50.84788026385126,206
462,36.065085535105645,216
463,49.03004324670238,217
464,49.3518401188328,157
465,65.62168550857487,147
466,71.77023341721264,145
467,86.91643569769438,146
468,453.6899855254636,134
469,327.27867504812053,135
470,17.26861914017723,136
471,38.44382576798955,133
472,5.581062775086667,184
473,36.41383498818472,202
474,226.1820175220609,928
475,308.8372137596862,927
476,301.47121409773746,926
477,139.85603113840008,459
478,42.39577682476284,457
479,62.59503768215213,458
480,54.16486307137647,460
481,77.95135057863877,296
482,49.15072045891974,297
483,189.36569954467754,295
484,56.812196423125116,294
485,66.04186738277801,119
486,53.745638108033724,120
487,240.1489698883419,118
488,45.261129942071825,117
489,44.85713346535226,858
490,44.327089593521755,859
491,104.07013447119807,857
492,200.88174699994437,878
493,104.04296609887828,879
494,169.41476327810474,877
495,78.40515913829829,876
496,52.31836723665714,206
497,34.86855632468737,216
498,41.46566792972108,217
499,54.250741965969645,157
500,50.361620846862415,147
501,68.4994169860879,145
502,80.4764121799765,146
503,142.74973351444189,134
504,329.6956189835358,135
505,25.68200808179854,136
506,87.338105630269,133
507,36.967593139520886,202
508,58.76269448904095,928
509,97.12452715158929,927
510,100.59730507960077,926
511,221.51484922609725,459
512,63.77438200867628,458
513,101.88237398926708,460
514,73.42858071883207,296
515,41.67379675810472,297
516,55.982491603435754,295
517,42.50881684474608,294
518,62.62350421997479,119
519,45.1223198139169,120
520,63.97424368972931,118
521,48.00930095241485,117
522,45.866064245408324,858
523,36.92752658204842,859
524,43.55225394073432,857
525,186.96244054929798,878
526,105.9758314044852,879
527,170.00956936155703,877
528,52.237297871952094,206
529,35.24904029275631,216
530,40.28779310672013,217
531,36.799775104240865,157
532,58.312315909432456,147
533,77.17983243503899,145
534,80.79137032715487,146
535,135.63907434734116,134
536,29.536189868053206,136
537,264.4457603779009,135
538,84.96763499940792,133
539,36.475144987356664,202
540,91.56986109321628,927
541,97.81290783585546,926
542,57.80176989552136,928
543,202.1432247284913,459
544,81.69942401510775,457
545,62.95176122240336,458
546,101.73017215351965,460
547,64.46647003499851,296
548,43.120417051421235,297
549,56.71348728303643,295
550,48.33397107471031,294
551,61.092931784509446,119
552,45.94712470823295,120
553,60.349361141344865,118
554,38.025719056302684,117
555,46.6963115013253,858
556,49.524445208389615,859
557,43.38133566024767,857
558,256.03093273538855,250
559,434.61287421291445,251
560,180.52870539111706,249
561,28.995321277719096,248
562,288.3643353865952,220
563,298.21703392610254,219
564,208.93071309202173,221
565,24.359134372186645,218
566,375.51729289424577,250
567,211.93162694967208,251
568,187.88100835896213,249
569,30.128457612969704,248
570,284.2883629420935,220
571,152.22938463752786,219
572,212.2072920767383,221
573,19.640094864947333,218
574,384.354626896633,250
575,238.14567549239072,251
576,189.5432376502282,249
577,24.842063838459826,248
578,296.7303773148094,220
579,160.84555932246326,219
580,222.63730553465035,221
581,15.353429011691825,218
582,236.2501887974999,50
583,143.03253155352394,48
584,25.85037702172631,47
585,53.440070698341856,49
586,113.22498269871194,851
587,80.50953521064089,906
588,291.3442371438046,515
589,644.6726672449358,514
590,140.1639509281792,513
591,103.08579583090393,512
592,608.2931710793563,800
593,229.65442963009065,801
594,105.320173862197,802
595,312.2140300223452,799
596,30.077798388211313,798
597,158.1668591714028,50
598,98.68346774950683,48
599,162.1459144939976,49
600,30.715970296473692,47
601,97.52479597346635,851
602,104.62669419700156,907
603,203.87900286375253,906
604,29.10019650688438,904
605,221.5647534597634,515
606,314.78824947835176,514
607,54.72049180344713,512
608,282.2075002926611,800
609,160.8367217423811,801
610,86.78873339994252,802
611,142.1653693905939,799
612,41.1513126570936,798
613,184.63425118845512,50
614,137.19729945414446,48
615,162.1459144939976,49
616,31.04311680590513,47
617,97.94492488884515,851
618,120.3002343714738,907
619,204.2991317791313,906
620,215.37851215487476,515
621,54.361269081519026,512
622,273.05780815888977,800
623,168.66472971218025,801
624,86.78873339994252,802
625,117.62003338096278,799
626,41.54799418381976,798
627,120.99183162466622,254
628,60.25829136513414,253
629,233.16185307813174,255
630,140.13248912976968,354
631,165.78912043082008,160
632,683.6578716895731,161
633,21.45016235435012,159
634,190.6492359769244,767
635,935.938692852295,768
636,63.548654645422424,728
637,81.64626157629179,727
638,24.644191032126088,749
639,70.41460386677304,750
640,18.368272007448642,455
641,50.76880412969488,268
642,86.49791939706456,578
643,437.45743636529335,495
644,125.42021020376735,494
645,144.3894338057525,497
646,43.17439381020249,493
647,89.26475644169197,496
648,945.8733068971075,657
649,205.9291457754996,656
650,197.62821087767153,655
651,95.20185106241226,658
652,32.9198438492228,659
653,106.85825671134486,254
654,77.79165410840714,253
655,75.75252157471022,255
656,50.98338507713534,354
657,101.21075661650623,160
658,96.8231189260271,161
659,14.624035321987588,159
660,94.0928065995127,767
661,217.83788916848715,768
662,51.96401411487163,728
663,56.24073534782086,727
664,9.982859720681198,749
665,54.43653271897752,750
666,14.687149697513817,455
667,133.5014944991526,268
668,42.99072860746812,267
669,277.0040298708626,269
670,111.17826537696483,270
671,181.89480582165024,578
672,404.97274097787266,579
673,167.30359764955793,580
674,63.03968194106386,577
675,219.34836133146456,495
676,104.77200418753921,494
677,46.6505427413495,497
678,34.34171112487995,493
679,86.93428095318595,496
680,211.16772781161086,657
681,96.46449204251573,656
682,38.23435670829252,655
683,93.5538271805166,658
684,33.766526620546685,659
685,104.31880598859519,254
686,81.03625537623869,253
687,69.04096739338893,255
688,31.959646934406152,351
689,50.98338507713534,354
690,99.06670217925793,160
691,132.8378618674439,161
692,14.408386379944494,159
693,91.3869931004828,767
694,158.80942269180144,768
695,51.66195214836405,728
696,50.91617396063984,727
697,9.982859720681198,749
698,58.03077915016229,750
699,131.54548106515475,268
700,256.9092807071487,269
701,110.7817049501778,270
702,38.8984328971772,267
703,176.71608067051872,578
704,397.68283802595784,579
705,170.60268480280806,580
706,62.54839578068777,577
707,162.33174250354165,495
708,101.32463323337113,494
709,44.74140785311102,497
710,32.35422282988567,493
711,85.50032220592121,496
712,139.20057179415966,657
713,96.0605492425017,656
714,22.887896462550437,655
715,81.9150018269734,658
716,33.766526620546685,659
717,223.71683605707904,111
718,147.42295352889002,110
719,39.09162763283555,108
720,176.58067602003388,112
721,65.14491841705389,109
722,248.3158366377138,673
723,210.2582664317083,674
724,0.0,671
725,64.80270460606731,672
726,729.917795068495,824
727,355.4982294082396,823
728,136.09974080356983,822
729,307.8913266024173,825
730,90.68881342685533,826
731,411.8287572772887,602
732,357.0750857941005,600
733,77.01088390779667,599
734,1164.7621610393521,601
735,124.88809643287848,603
736,182.2563024200844,111
737,200.19460788186666,110
738,46.39808649812039,108
739,89.86794344242084,112
740,119.28448017581009,109
741,255.15774991641848,673
742,205.27799803825366,674
743,0.0,671
744,490.425891511625,824
745,225.62915868481372,823
746,32.90830768388477,822
747,234.23260377261948,825
748,137.82723472946347,826
749,242.75670486913026,602
750,275.687491290723,600
751,594.6648062743557,601
752,84.85145396297793,599
753,114.71887764794573,603
754,196.5155085031481,111
755,190.25279329421375,110
756,20.823478060536424,108
757,116.87513810011737,109
758,106.05959437626866,112
759,375.37924944698204,673
760,219.58682830530432,674
761,0.0,671
762,86.5712789123316,672
763,415.1754943883557,824
764,235.36221311042345,823
765,28.54121904607295,822
766,210.9052606925523,825
767,139.8523826118623,826
768,239.85285103858342,602
769,272.57229445146714,600
770,526.2821944690828,601
771,82.77713904721695,599
772,117.02327085944205,603
773,106.95956448034076,58
774,11.54246904229538,56
775,44.35389600731866,57
776,193.79726979386737,59
777,176.49771481931,228
778,71.19015617607924,227
779,220.65755606722092,229
780,502.0683435356442,3
781,462.7812097655152,1
782,103.91535314089724,2
783,458.62649901274773,842
784,355.0578128559117,840
785,240.6807998753001,841
786,402.76465913609456,570
787,421.93555069666564,571
788,427.5396715761241,569
789,477.3740598972581,144
790,713.1112982395441,143
791,361.9888599325076,142
792,8.937411179891345,41
793,6.827818420591103,42
794,0.0,40
795,109.41251849290401,65
796,563.2330471021019,339
797,676.275298099069,338
798,825.7611964997744,337
799,123.20201315498002,336
800,36.151954774111665,753
801,0.36457139441119946,752
802,79.65935561714737,57
803,11.965088689288827,56
804,108.20662309217316,58
805,131.40034783647556,59
806,161.35855189296666,228
807,75.63446159583273,227
808,223.3976288790524,229
809,232.05144363828785,3
810,114.2724358076177,1
811,63.04664909088335,842
812,149.42409178307702,840
813,133.88666009880626,571
814,104.27603216302388,569
815,85.23004614176666,570
816,157.0384660953036,144
817,136.7221545643384,143
818,111.84492515006309,142
819,13.023100968947887,41
820,9.61138329112724,42
821,0.0,40
822,356.4502145187851,339
823,507.96707888974333,338
824,258.19508813738014,337
825,90.8908507088079,336
826,14.42137325593519,753
827,4.7840007776649465,752
828,10.097521928648304,56
829,108.62675200755196,58
830,20.889092082323078,57
831,130.3291274771126,59
832,15.924709447188452,227
833,223.8177577944312,229
834,228.39113311305215,3
835,90.74800468915979,1
836,99.59677389986443,2
837,265.74868879893444,842
838,119.03684946363578,840
839,101.94488938869128,571
840,212.49018819135745,570
841,69.78253791544701,569
842,179.25762698952695,144
843,112.44069404085505,143
844,84.94875671101053,142
845,13.023100968947887,41
846,9.61138329112724,42
847,0.0,40
848,356.85230207352845,339
849,642.0210072902948,338
850,304.26625982261766,337
851,107.82756047420969,336
852,67.35858501650291,525
853,261.15901404095337,526
854,20.27887012841195,527
855,83.48760368633475,525
856,163.4449594666657,526
857,18.684996620270276,527
858,104.94189530443673,525
859,195.69399468400565,526
860,18.684996620270276,527
861,382.5116953987778,451
862,77.9274434018663,452
863,85.15170369323906,450
864,228.51612223759645,781
865,180.2364143287836,779
866,0.0,778
867,157.77470465606785,780
868,20.146942991628684,782
869,9.594140849403136,92
870,37.03637969636388,85
871,95.31644198255876,84
872,29.45191922086221,685
873,5.862245887677455,684
874,35.27870184853064,83
875,663.165346375236,682
876,69.54618516685919,681
877,251.85298502879613,683
878,13.160762364037549,680
879,0.0,695
880,44.717341599505474,693
881,121.7426571769893,708
882,236.21086613345082,451
883,73.47213678092874,452
884,263.3204973141329,450
885,70.20935144690323,781
886,7.307506892502961,780
887,14.943851147381446,782
888,92.73425073029372,779
889,30.45476134631779,92
890,26.062656677946983,85
891,28.78485612342049,685
892,0.0,684
893,36.51555461232927,83
894,405.93386323383595,682
895,190.99364912633328,681
896,175.7746225822359,683
897,50.52794556972403,680
898,17.88452505769915,695
899,43.554591736301134,693
900,441.5722146991805,707
901,98.2333154554715,708
902,7.211613352675646,706
903,114.52611051265873,788
904,218.9844568549679,789
905,68.91218101615306,790
906,46.416002186471346,787
907,79.13105486426231,510
908,128.2221341863889,508
909,241.76455526836662,509
910,59.31157495248683,511
911,73.11757459671476,507
912,88.80794476883956,452
913,5.726305969317884,451
914,70.20935144690323,781
915,86.82920293463435,780
916,14.943851147381446,782
917,85.06308272150058,779
918,30.45476134631779,92
919,26.062656677946983,85
920,28.78485612342049,685
921,58.17432351312584,684
922,416.87232955276033,682
923,198.3362874703244,681
924,139.33717144492041,683
925,51.66479753326822,680
926,26.509923906766954,695
927,42.612498067143825,693
928,0.0,708
929,97.79991569735584,788
930,209.1406559137763,789
931,74.51807605269798,790
932,44.21214557921723,787
933,83.48030573303436,510
934,117.75045785143811,508
935,236.14322951367603,509
936,60.566298226840146,511
937,75.90991900938295,507
938,41.34353943023964,605
939,159.19841480289003,606
940,35.29244091305356,607
941,90.40859463623148,702
942,62.76336432746545,703
943,27.066733338642713,701
944,26.359850661449848,704
945,53.717837176842906,151
946,26.535682746607925,149
947,0.0,148
948,95.17718130358469,150
949,238.12401233854226,666
950,236.78234101361295,667
951,45.41127259801815,665
952,59.44474211135362,670
953,53.224268253396,668
954,78.8500754121583,669
955,113.13287449537206,362
956,104.8865151277594,361
957,34.56354383269676,360
958,124.47321045569215,288
959,59.809584259524016,286
960,124.1804891473445,287
961,5.2083993353021665,285
962,52.54581554167695,289
963,40.538690197132944,605
964,85.65798618428589,606
965,30.37670083844114,607
966,126.77306924612142,702
967,61.73678339844518,703
968,29.219983850800322,701
969,23.765157075388395,704
970,64.54458873226415,151
971,0.4813556170845583,148
972,135.65327003570496,150
973,26.11984195419178,149
974,82.99134737920164,666
975,158.35959318009154,667
976,3.505503837784135,665
977,67.38238323487056,670
978,47.24963950280458,668
979,54.41078403893239,669
980,109.08318263975056,362
981,109.1118271856418,361
982,35.71965631902501,360
983,109.10779210531832,288
984,150.64766461493414,287
985,63.01352093981143,286
986,5.107426836830209,285
987,48.34254343074862,289
988,40.538690197132944,605
989,84.06939389015433,606
990,28.788108544309587,607
991,128.91251444151118,702
992,61.73678339844518,703
993,29.219983850800322,701
994,23.765157075388395,704
995,0.0,148
996,24.61431248404522,149
997,163.3575323548859,150
998,73.81482132243582,151
999,81.89807062234058,666
1000,156.66794029257412,667
1001,1.7106785647122016,665
1002,65.98254468961764,670
1003,53.27610420931171,668
1004,77.86406302881096,669
1005,109.08318263975056,362
1006,167.5070839525012,361
1007,35.71965631902501,360
1008,72.89692572410569,288
1009,44.06131069689447,287
1010,57.45370020314706,286
1011,48.34254343074862,289
1012,5.004839405840506,285
1013,147.9763508730927,99
1014,398.9074601111411,97
1015,47.64874564109184,100
1016,357.7084757242812,98
1017,72.28958215584355,62
1018,364.65131221626643,60
1019,19.5332136220542,63
1020,484.81236737613807,61
1021,154.61444140096464,743
1022,84.16332094791964,742
1023,251.25967563306412,741
1024,158.68419757047127,816
1025,91.95848717870447,818
1026,0.0,820
1027,105.45989957899974,817
1028,52.92337636383221,854
1029,0.0,856
1030,42.80281209037211,853
1031,40.49384218282453,852
1032,69.33735331795057,99
1033,119.46395869900451,97
1034,19.914882206518804,100
1035,235.5884998874737,98
1036,58.89523018722177,62
1037,108.21817711466636,60
1038,10.862757712402114,63
1039,218.3609612619779,61
1040,92.11912916233423,742
1041,90.13515169870661,743
1042,58.29221466537855,741
1043,0.0,820
1044,65.09770236694762,816
1045,52.30216119212823,817
1046,56.87917109208571,818
1047,0.0,856
1048,48.16308833302198,853
1049,57.25938023057171,852
1050,72.74317706943557,855
1051,68.2331437081156,99
1052,117.62014895192844,97
1053,18.966969153114086,100
1054,210.13306008348974,98
1055,59.81873147776573,62
1056,110.20975695470663,60
1057,10.53159889531116,63
1058,248.35985548199807,61
1059,91.92390114952214,742
1060,65.90603093424536,741
1061,0.0,820
1062,51.810740798803906,817
1063,60.84672553216119,816
1064,0.0,856
1065,47.57380885057097,853
1066,60.47509901493318,852
1067,812.9712020322274,326
1068,169.82988227935147,325
1069,122.63654343839785,327
1070,47.26693678134562,328
1071,774.5583953789426,466
1072,232.00814021867217,467
1073,110.36124732922698,465
1074,434.0637336919672,172
1075,268.4643907194438,173
1076,305.9542621009441,171
1077,79.50112207349771,170
1078,252.04263455900318,358
1079,567.9272006704107,356
1080,239.10089734448138,355
1081,321.5157297542372,357
1082,59.06067897318214,359
1083,208.8390909167731,326
1084,121.13336090306314,325
1085,104.07507997009063,327
1086,38.26836269670325,328
1087,216.20746480714078,466
1088,104.33552813318427,467
1089,97.57177693662109,465
1090,125.75855578932999,173
1091,215.4215251587462,172
1092,174.14691039673565,171
1093,82.60135365782985,170
1094,151.75001227304512,358
1095,203.52134565405905,356
1096,92.61486672140211,355
1097,217.66188287764072,357
1098,40.61676110747646,359
1099,222.53993060240342,836
1100,197.1039226905847,835
1101,90.84422625158723,834
1102,129.45889323316734,837
1103,39.32563840219601,838
1104,180.34857688624598,711
1105,61.73228782103166,709
1106,150.78571424724902,710
1107,83.34956347811885,712
1108,200.11261651397405,326
1109,121.13336090306314,325
1110,104.07507997009063,327
1111,42.584387328582835,328
1112,187.91209207389778,466
1113,103.85070745937733,467
1114,100.58236545343645,465
1115,126.31891373168799,173
1116,211.23925765858212,172
1117,166.30505959656028,171
1118,82.35707108184639,170
1119,144.7707923879242,358
1120,197.41358564516105,356
1121,92.3077400985408,355
1122,214.9769773289607,357
1123,40.61676110747646,359
1124,260.0167473814,836
1125,140.69375519767223,837
1126,177.5266482741436,835
1127,88.88880256698548,834
1128,73.74722534691284,838
1129,173.69018403687534,711
1130,111.43449746208884,712
1131,145.02273411714404,710
1132,56.961043594656644,709
1133,606.6316445286329,634
1134,345.94204093856945,632
1135,466.99457969104753,633
1136,116.138942286027,635
1137,451.22813642146394,430
1138,178.8215348113481,429
1139,159.9946310568233,431
1140,56.57069275783359,428
1141,482.02473649250953,888
1142,362.9267050043717,887
1143,318.7333542224886,889
1144,35.73714513272576,886
1145,86.49305734363,13
1146,73.02266956915736,934
1147,439.01641175447713,642
1148,173.96003047774929,643
1149,357.835138678484,644
1150,124.24857154200322,645
1151,240.23898195038174,634
1152,170.53542428361573,632
1153,252.22912056026198,633
1154,100.13396821156363,635
1155,129.18120625372921,430
1156,111.84810416799846,429
1157,141.44087540683478,431
1158,43.04940093483985,428
1159,147.41307177810356,888
1160,116.0816138578436,887
1161,44.697092652004955,886
1162,138.5895839874623,889
1163,82.29659984399822,11
1164,83.46931009979576,13
1165,74.17535498763154,934
1166,61.02405667470077,4
1167,129.22032983619619,642
1168,162.8073192732323,643
1169,263.331177293521,644
1170,103.63179281581513,645
1171,137.04722656397715,662
1172,141.27657782692,663
1173,138.8852247337962,661
1174,50.81690411686058,660
1175,106.90471411779399,664
1176,235.17088650565347,626
1177,255.56840413771593,625
1178,160.33548236639282,624
1179,196.47709915809884,634
1180,233.9185675781348,633
1181,155.30918087764587,632
1182,77.24271182495467,635
1183,139.31382563955344,430
1184,90.69893896471585,429
1185,122.3719274713396,431
1186,44.083314408188365,428
1187,133.06009701141926,888
1188,106.44475809140954,887
1189,121.65823084506815,889
1190,46.72329561486333,934
1191,59.191639029882694,4
1192,29.70992931635098,6
1193,121.70796055361807,642
1194,163.84909605033042,643
1195,275.08174018718194,644
1196,103.90519499973917,662
1197,125.2678573879277,663
1198,101.98377712381662,661
1199,37.23943453279527,660
1200,79.34093982359869,664
1201,165.77668879486964,626
1202,153.75250087952486,624
1203,247.15419620687618,625
1204,97.84408164478259,89
1205,114.16134470168592,87
1206,140.1197985944552,88
1207,45.54533995553284,86
1208,316.4131589334569,884
1209,56.733832960948675,885
1210,62.06681928918408,883
1211,26.46594969163753,882
1212,241.59924891846975,716
1213,115.84853277190072,714
1214,143.37903219534522,715
1215,39.2912247048037,412
1216,48.89352415081931,410
1217,91.22495740167915,411
1218,54.53298395932774,543
1219,151.81288082435455,425
1220,97.57055560442224,427
1221,101.71218912114384,447
1222,102.44400707042303,486
1223,138.80484748349755,499
1224,93.67080341002477,500
1225,67.25670725802748,501
1226,9.557909205278671,832
1227,61.65351258826238,831
1228,59.820827611004326,833
1229,51.75836280474082,521
1230,122.51097391912067,523
1231,69.26880963970038,860
1232,431.66642391806107,551
1233,39.727348275143946,548
1234,109.42801841673118,445
1235,77.42997993475606,446
1236,124.14187562480042,444
1237,62.3725084480237,443
1238,63.44525196858532,491
1239,100.42610550439515,489
1240,35.323240912290444,488
1241,89.4100923992308,490
1242,15.437446590446495,492
1243,60.19238392714506,89
1244,54.09968935714195,87
1245,61.53459634568892,88
1246,48.00043744607267,86
1247,86.48567114680885,884
1248,54.69207838426212,885
1249,29.921916186317254,882
1250,49.42728551427596,883
1251,43.970848733586536,716
1252,44.05195798978555,714
1253,58.65408294476386,715
1254,33.329878369685744,412
1255,37.11126158197966,410
1256,68.1640296914803,411
1257,47.461062593292276,543
1258,181.23856938833472,426
1259,50.245945490331266,425
1260,93.50066266343592,427
1261,72.17542673451428,447
1262,85.72151894175332,487
1263,111.52663747858189,486
1264,63.07539953664009,501
1265,3.6357284525106324,832
1266,42.50725624592853,523
1267,117.4458167373479,843
1268,72.46421621998714,860
1269,105.74548660752819,551
1270,71.07115144077684,549
1271,95.6605498407678,445
1272,63.77180158104113,446
1273,131.5922883167838,444
1274,61.81865677661479,443
1275,45.61690840302147,261
1276,34.98275254192437,468
1277,56.611780512246604,491
1278,105.64429649577119,489
1279,34.291916877067436,488
1280,105.24708996266763,490
1281,13.693007312105616,492
1282,60.19238392714506,89
1283,54.309203558212815,87
1284,66.40130864322302,88
1285,89.14867901280267,884
1286,57.524337550037856,885
1287,25.411927047601075,882
1288,54.60725220611761,883
1289,43.970848733586536,716
1290,39.85497748438827,714
1291,60.3229283468761,715
1292,33.329878369685744,412
1293,37.11126158197966,410
1294,67.10515979100924,411
1295,47.461062593292276,543
1296,153.9830876477825,426
1297,93.48356237528864,427
1298,68.83781945402635,447
1299,66.4741025139032,487
1300,118.35382062330523,486
1301,56.89324662936116,501
1302,77.81463185011657,499
1303,87.22080720029453,498
1304,3.6357284525106324,832
1305,52.76506251789974,523
1306,122.29160611022962,843
1307,75.79948312408341,860
1308,104.42844023094554,551
1309,104.34110495027498,445
1310,63.77180158104113,446
1311,131.5922883167838,444
1312,43.163973363390106,443
1313,56.611780512246604,491
1314,105.64429649577119,489
1315,28.180381742597337,488
1316,103.8107651345615,490
1317,13.693007312105616,492
1318,296.8262130622833,793
1319,312.5059311609413,792
1320,117.411888430774,794
1321,67.41527004872371,791
1322,268.68996168260395,804
1323,412.65713705092105,805
1324,95.44438898558806,803
1325,163.59231818897632,806
1326,112.54040942979834,900
1327,157.96765525405215,901
1328,188.1231230351539,902
1329,91.99108418448559,903
1330,237.4909035927838,793
1331,138.4239774981012,792
1332,122.68765543105295,794
1333,25.935177367133083,791
1334,270.6057855352675,805
1335,127.60401434698761,804
1336,54.088960442103186,803
1337,96.14396147399614,806
1338,46.602175569771205,900
1339,126.20602220917326,901
1340,254.2451782943465,902
1341,85.94498477751033,903
1342,258.0723235947268,793
1343,145.75195262541382,792
1344,122.68765543105295,794
1345,25.935177367133083,791
1346,272.953725884577,805
1347,143.07028023730808,804
1348,53.72446178621061,803
1349,91.09092362467439,806
1350,44.28882968031726,900
1351,140.62721478337295,901
1352,268.8703135361202,902
1353,85.80660457246333,903
1354,0.0,827
1355,54.414459281719814,347
1356,49.335499689086575,345
1357,86.55157093629518,130
1358,68.14204699894724,28
1359,81.54976036338171,29
1360,16.66613963546338,30
1361,80.69374888983391,177
1362,74.46687821003789,175
1363,102.50249629347873,176
1364,100.71154238807941,178
1365,21.59777755517951,563
1366,60.3857124001765,562
1367,19.794001460117215,561
1368,0.0,827
1369,48.78521277977236,347
1370,56.71982694636561,345
1371,91.28842310439654,130
1372,33.46532010748364,28
1373,6.945725986346936,26
1374,27.55780826279847,175
1375,124.741251715294,176
1376,18.491892997332332,563
1377,0.0,827
1378,48.78521277977236,347
1379,91.28842310439654,130
1380,61.71349465036101,28
1381,94.09822459258156,176
1382,18.491892997332332,563
1383,15.391644834290886,330
1384,354.2867173202714,588
1385,218.30476064549043,586
1386,191.775313315301,589
1387,141.6545359729973,587
1388,241.68634393835896,640
1389,72.40129815924803,641
1390,153.97473626751236,588
1391,58.387472834515435,586
1392,106.33293977434475,589
1393,148.12241598020327,587
1394,107.68290058616064,640
1395,66.49083764562306,641
1396,184.80946247310058,588
1397,56.51684562396282,586
1398,109.31444567874121,589
1399,136.85555860165462,587
1400,108.54055100336996,640
1401,71.53366349104125,641
1402,361.6535229352714,435
1403,528.0009970399736,433
1404,735.2622421663499,434
1405,82.58023762948346,432
1406,824.671095477579,402
1407,222.58493316490913,403
1408,494.60134955057003,401
1409,644.7388842974913,343
1410,57.86473803063909,340
1411,78.62176652257178,342
1412,340.15032122774994,123
1413,456.93213328852534,124
1414,486.1550930873811,122
1415,14.700364056232033,121
1416,28.68591818836711,717
1417,19.891275554119666,764
1418,12.403635182379347,765
1419,621.4467602220267,300
1420,232.65764623505123,299
1421,53.588041859211515,298
1422,41.36694058464316,713
1423,5.178287840177431,718
1424,42.54588885136027,732
1425,62.038681422606395,737
1426,62.905072095859545,745
1427,182.8036356235712,350
1428,457.39218558097275,349
1429,372.93900936980043,380
1430,135.8261998790552,379
1431,120.25610498557236,773
1432,0.0,370
1433,312.7526209356553,575
1434,873.5568407013507,574
1435,400.1547776842118,572
1436,705.6970994228143,573
1437,186.97346718023806,435
1438,148.24657439587483,433
1439,58.81863343729418,432
1440,200.94958947509616,434
1441,149.47093096261375,403
1442,57.808755215369004,400
1443,184.5493724080547,401
1444,227.73253698614343,402
1445,183.43162140671205,343
1446,78.54846131499274,342
1447,82.81729113459392,123
1448,114.33326778074554,124
1449,15.777165371415638,122
1450,33.61168619930275,717
1451,21.41961749798138,764
1452,14.037601790339266,765
1453,92.76497833411051,300
1454,41.92565732749148,299
1455,111.40442878129186,301
1456,47.38313905030084,713
1457,27.76179929158102,719
1458,10.47850429604475,718
1459,14.935916395462357,732
1460,66.67170599205897,737
1461,61.837860772405975,745
1462,143.09203613094093,349
1463,111.4094971754696,350
1464,171.24787684214286,380
1465,63.46307679669822,378
1466,68.63527075896826,379
1467,187.82839718075044,773
1468,0.0,370
1469,180.87203249128441,575
1470,356.6634913544274,574
1471,253.90076492896657,573
1472,92.16441991233896,572
1473,182.60475505824724,435
1474,130.5239719259141,433
1475,49.64145584389304,432
1476,198.5128465658695,434
1477,139.14718173685776,403
1478,50.01658915867585,400
1479,205.51323156380255,402
1480,83.58840230986709,340
1481,214.33940940485837,343
1482,78.54846131499274,342
1483,64.62298751447099,123
1484,104.20824972248897,124
1485,32.88721223108881,121
1486,14.981399558359135,122
1487,33.61168619930275,717
1488,16.349640631357808,764
1489,11.027124211828497,765
1490,96.4089007096293,300
1491,40.34396640456771,299
1492,45.51403699849256,713
1493,27.76179929158102,719
1494,6.987160725115444,718
1495,9.826800726542979,732
1496,66.67170599205897,737
1497,61.837860772405975,745
1498,165.46641459629714,349
1499,111.4094971754696,350
1500,152.78044291153756,348
1501,39.169495086390995,381
1502,206.28100549170398,380
1503,103.26352010246146,379
1504,187.82839718075044,773
1505,0.0,370
1506,203.94486986090556,365
1507,100.94471596420063,366
1508,140.43234816590834,364
1509,53.38661503759296,363
1510,180.45090066518668,575
1511,360.5595706187379,574
1512,249.95298222673378,573
1513,92.16441991233896,572
1514,129.45253430537454,870
1515,32.74861603592343,868
1516,103.15450948005476,871
1517,86.86684671788026,869
1518,327.62599466667336,478
1519,266.48610510446167,480
1520,86.25441385326937,481
1521,259.5851317593242,234
1522,386.67328514812476,233
1523,297.3431949702993,232
1524,312.91710390987885,231
1525,133.3433619972033,415
1526,276.76971761580114,44
1527,226.67073382334115,46
1528,130.86614657781882,45
1529,341.38567659273406,21
1530,117.571585627943,19
1531,22.397530623079223,22
1532,53.707291329474664,18
1533,83.77321253311322,319
1534,130.75915488990205,318
1535,212.27230259290224,316
1536,252.73125638523956,317
1537,107.97770677522632,937
1538,144.09681882814075,938
1539,33.79587444700076,935
1540,58.298378445263936,519
1541,170.6685877518689,517
1542,86.71907192456577,518
1543,691.6118097174108,584
1544,534.4927346341265,582
1545,233.88563072889966,581
1546,461.7699398528367,583
1547,91.43943224975335,585
1548,1074.3108533493537,638
1549,121.86538832940339,636
1550,278.4322023977491,637
1551,231.68901983022025,639
1552,23.899715897465235,162
1553,148.83633787227723,165
1554,155.97720571450606,164
1555,111.65150778739353,163
1556,16.605804220277953,783
1557,168.30257137928865,786
1558,184.17776792094347,785
1559,107.03503232156427,784
1560,34.3967331039844,868
1561,101.31969655617866,871
1562,104.72634348165688,869
1563,135.14662480480655,478
1564,2.7700670004906875,481
1565,197.5315505191349,234
1566,310.74299901688636,233
1567,152.90927030495075,232
1568,93.32426230023361,231
1569,135.1876367926143,415
1570,87.5053377373109,44
1571,3.1849029321822475,45
1572,35.97533869927793,46
1573,236.25579131821092,21
1574,224.27108140064797,20
1575,131.91540887246606,19
1576,8.506382658644398,22
1577,82.06348434261409,319
1578,107.63309098290217,318
1579,164.09434394959175,316
1580,149.47453462922633,937
1581,139.67485494578148,938
1582,47.04968552580427,935
1583,56.76476400382997,519
1584,124.41240663878466,517
1585,90.84089722521169,518
1586,314.4078182821421,584
1587,111.76624474957637,581
1588,249.68318128705604,582
1589,384.4934391230315,583
1590,116.49254979663449,585
1591,430.2106167481362,638
1592,112.02124927580773,636
1593,148.6947598222829,637
1594,84.48892129428978,639
1595,26.387126371063637,162
1596,138.5167044494129,165
1597,156.05271351998329,164
1598,113.3939539556646,163
1599,19.182560181769635,783
1600,180.57608709559355,785
1601,97.18478852693525,784
1602,158.18240842079473,786
1603,261.510625741088,723
1604,372.7235507257323,722
1605,172.38051511781637,721
1606,31.284417976851472,720
1607,50.121261897960075,724
1608,333.0164928130801,898
1609,233.77513369318248,896
1610,473.5207905644167,897
1611,70.65450337670005,895
1612,80.26054415240382,899
1613,104.72634348165688,869
1614,131.83013514908586,871
1615,101.57250755585733,480
1616,2.7700670004906875,481
1617,195.3751429495427,234
1618,258.3182885249588,233
1619,80.14913998295901,231
1620,52.65322749120914,232
1621,135.1876367926143,415
1622,124.90030953266526,44
1623,5.380816591351577,45
1624,70.56005671971106,46
1625,242.89498410794917,21
1626,8.085250832546654,22
1627,24.610113773587063,18
1628,59.52555519311899,319
1629,102.86264420943954,318
1630,142.0375716516299,937
1631,140.50563855151177,938
1632,47.880469131534554,935
1633,56.76476400382997,519
1634,90.84089722521169,518
1635,307.07087001671255,584
1636,252.29913426199064,582
1637,103.07025986740382,581
1638,361.18701244347795,583
1639,105.092600761994,585
1640,384.6935574905816,638
1641,114.99567723137832,636
1642,92.4943209683506,637
1643,82.90032900015824,639
1644,26.387126371063637,162
1645,144.5708244165925,165
1646,156.05271351998329,164
1647,113.3939539556646,163
1648,19.182560181769635,783
1649,180.57608709559355,785
1650,95.30133485667334,784
1651,158.18240842079473,786
1652,261.510625741088,723
1653,172.38051511781637,721
1654,374.4232368512578,722
1655,31.284417976851472,720
1656,50.121261897960075,724
1657,333.5149098225178,898
1658,233.86413105546058,896
1659,473.5207905644167,897
1660,70.65450337670005,895
1661,80.13955052637239,899
1662,98.19863866211402,375
1663,156.85794062902374,374
1664,40.44056810808008,373
1665,143.2282695084471,242
1666,109.43862875309381,243
1667,8.338579692343592,240
1668,110.71500674101503,241
1669,256.08848139667396,211
1670,28.7317273258712,209
1671,114.46243217256131,210
1672,67.56894060016498,463
1673,92.30084070221227,462
1674,71.9145546367084,394
1675,84.9450711867101,392
1676,103.95046692811778,393
1677,79.65152407385581,375
1678,85.56158441297401,374
1679,133.88106586083137,242
1680,101.96824475382178,243
1681,105.79410524118911,241
1682,111.23981267389453,211
1683,116.31739014257262,210
1684,48.286630231060414,463
1685,138.74193236424082,462
1686,76.59342984773188,394
1687,105.96123561173866,393
1688,39.540751907131465,392
1689,74.32720672891637,375
1690,85.56158441297401,374
1691,99.9279888031029,243
1692,132.66024657048987,242
1693,98.37757408016651,211
1694,96.43634076052527,210
1695,44.5699698820675,463
1696,138.09331908771972,462
1697,76.71271150479213,394
1698,106.44657626694193,393
1699,40.54418424700166,392
1700,230.0953968236202,554
1701,185.81112764444546,555
1702,69.06863094522905,556
1703,10.33850517902215,552
1704,54.895308495362414,553
1705,76.67996885081894,867
1706,44.36460608422173,864
1707,132.95148733354333,865
1708,149.1972773067286,866
1709,168.41019951286358,274
1710,133.23394363977093,273
1711,57.83110026627205,272
1712,15.34172104538425,271
1713,78.04599680809451,275
1714,266.71008579168836,529
1715,58.014482967301696,528
1716,133.15424363735622,530
1717,189.9923335330029,531
1718,191.1347964450822,554
1719,146.9315316483383,555
1720,66.7902722261913,556
1721,12.573981011810075,552
1722,54.3862911506739,553
1723,68.42053995128272,867
1724,54.03595016867521,864
1725,189.91332794275345,865
1726,100.19038570435345,866
1727,159.40385420801246,274
1728,170.47790251862722,273
1729,61.51701459456641,272
1730,18.335915337108474,271
1731,64.42039969188372,275
1732,147.32517695134882,529
1733,49.12618963693597,528
1734,133.0321432959235,530
1735,61.34612188898923,531
1736,186.692770593294,554
1737,148.95932216867965,555
1738,68.52520379752441,556
1739,12.170484097318358,552
1740,51.76977233094135,553
1741,63.63936033148116,867
1742,48.83789698728471,864
1743,179.04980018323704,865
1744,79.97970289836954,866
1745,157.9451405611651,274
1746,188.35174144630503,273
1747,61.113517680074686,272
1748,52.203522324944664,275
1749,17.932418422616756,271
1750,153.64196708779667,529
1751,44.64593935401287,528
1752,134.74997457910933,530
1753,59.786350454995684,531
1754,140.61169365634402,196
1755,812.7041436625111,194
1756,442.0029618145598,193
1757,550.1145173173234,195
1758,33.50597749969713,192
1759,65.11702710462399,180
1760,44.532952907277604,181
1761,94.05262669259086,385
1762,173.33924146467774,386
1763,52.76763473059392,384
1764,32.60490647583929,262
1765,270.33978696797885,263
1766,1047.7413372694477,264
1767,670.978478667798,265
1768,196.07621159322676,266
1769,284.3608783771335,322
1770,134.02714525699093,321
1771,71.770901942015,323
1772,9.742519740010385,320
1773,134.65024851246048,196
1774,532.8890398236824,194
1775,184.3267033735304,193
1776,384.92714167387527,195
1777,36.16811538008229,192
1778,61.64276442863993,181
1779,64.06034385019335,180
1780,85.3899569126269,182
1781,31.489067247230444,179
1782,69.2639978473561,385
1783,112.59085543217786,386
1784,80.92007146020413,387
1785,63.166170510533654,384
1786,28.918004059426885,262
1787,364.7022340571729,263
1788,725.1041818097834,264
1789,165.05767170022963,266
1790,545.9937818195413,265
1791,216.8862656861671,322
1792,147.71641379120018,321
1793,67.2768372343327,323
1794,10.446905778204178,320
1795,151.68887931925573,196
1796,505.50801396322186,194
1797,399.71090107417615,195
1798,191.51641715424515,193
1799,36.12612331930259,192
1800,16.240457883015516,179
1801,48.25242118709134,181
1802,82.30782224957096,180
1803,89.60541236071846,182
1804,69.2639978473561,385
1805,130.59809459239017,386
1806,100.86439709970566,387
1807,72.63329427985863,384
1808,31.748849213964274,262
1809,372.365508089374,263
1810,744.4206640488173,264
1811,183.79790500278045,266
1812,562.683974603171,265
1813,233.29213631976836,322
1814,85.28407639454512,323
1815,10.196141292480133,320
1816,141.68333189821334,321
