id,predict,value
4,814.5551756978408,526.7
5,1056.919159035532,1385.7
6,312.79065648476666,91.0
7,674.7645756806214,490.4
8,789.8421626806852,1209.5
9,1129.3673599907202,869.6
10,306.01323178706184,198.1
11,634.7339079991926,411.4
12,575.5037375138205,986.4
13,811.7104275467782,1336.9
14,213.67195252573055,146.9
15,509.74845528907156,616.0
156,0.6068827287866988,0.0
157,7.838822452531505,0.0
158,45.244275851270416,0.0
159,0.0,46.8
160,4.594324439937833,94.0
161,62.365618830570625,46.7
162,39.12481354132218,0.0
911,366.01977836992376,557.5
912,47.95201161520836,0.0
913,355.0983548893439,934.4
914,122.98939136318737,102.9
915,68.59147254012724,0.0
916,184.26946755134404,362.8
917,716.7619889770167,785.2
918,81.32486387225318,158.9
919,112.39564536606682,34.0
920,189.14354874250213,355.1
921,837.8595121284889,1066.4
922,197.79808247853902,80.4
923,153.43605624692236,47.4
924,216.48576137525384,70.4
925,34.961445265180885,0.0
926,0.0,0.0
927,274.02057469941275,0.0
928,411.6010739635787,87.9
929,349.3999195610896,235.1
930,919.3894072910489,629.2
931,497.712618622537,261.9
932,1143.3156968072506,972.7
933,240.03970202294835,183.2
934,471.8643605776583,34.6
935,30.679576648205625,0.0
936,786.9756667785753,388.7
937,301.0001451556565,181.6
938,498.01974445046545,93.8
939,471.4728231516684,430.0
940,1182.9526268585334,626.0
941,577.8936037249258,44.8
942,500.30332537636406,80.8
943,938.8811305504858,837.2
944,485.2898509814522,127.8
945,186.86162199844733,46.9
946,413.80864884705215,209.7
947,47.85687853615604,87.9
948,416.00342278723446,367.2
949,40.55105110487816,186.4
950,161.92184228141784,349.7
951,744.6963773806634,1140.5
952,36.51869528365792,22.7
953,184.29853836665418,92.5
954,820.6880642614872,2536.0
955,234.37225160760022,241.2
956,11.169267529918484,91.9
957,0.9534412960111975,0.0
958,288.84732281804725,266.5
959,415.20315277965693,634.5
960,339.7390696055721,283.5
961,895.2413433814797,466.1
962,496.5169623063119,358.2
963,1111.4265195049024,871.6
964,246.74850277965652,0.0
965,466.42923677645814,68.8
966,33.51688886310908,0.0
967,94.99422015287709,44.18
968,809.6908740999664,739.2
969,456.41781956074664,0.0
970,283.01573517218225,249.7
971,507.43353342004514,0.0
972,465.29396739527357,375.2
973,1246.1111700480874,770.4
974,629.1860298574212,131.1
975,490.69489914051553,268.4
976,970.7437720959306,344.1
977,482.6525526067935,390.0
978,116.87651927229447,0.0
979,67.04096010935775,0.0
980,84.93981491572944,87.9
981,357.3313692684667,758.2
982,76.12402488550264,34.0
983,100.41108642929522,528.0
984,307.38961550768926,1423.5
985,36.20634250785851,33.8
986,297.10325674368676,469.9
987,414.6873557017233,451.4
988,313.53242906613895,141.3
989,802.4518373670506,139.6
990,211.8135473491008,373.4
991,737.4818454167352,1316.4
992,21.82405450554457,22.9
993,18.437161704752207,0.0
994,66.89852258341317,44.18
995,441.23816197717895,542.6
996,163.0292662862386,89.2
997,271.6635753249309,0.0
998,58.192412727633325,227.0
999,232.9191269329449,443.0
1000,747.4884069576226,210.3
1001,245.3184752816372,172.6
1002,233.07279202937147,174.6
1003,576.101062831271,52.5
1004,194.49213040822207,44.8
1021,469.6699328269128,677.92
1022,527.9440148861662,300.03
1023,604.5501415985552,748.33
1024,483.33529187785797,66.71
1025,358.77933119405714,421.41
1026,375.0428004045534,0.0
1123,454.76181260563663,569.0
1124,309.81935783066535,0.0
1125,120.58844346930402,0.0
1126,130.14894525146903,0.0
1127,0.0,0.0
1128,371.3932021963913,401.45
1129,278.4252248434427,228.46
1130,537.4317305213575,670.27
1131,729.6847755786241,535.01
1132,118.60013083010392,22.45
1133,405.904148184902,238.1
1134,34.44078829715404,61.73
1135,504.9770904192699,640.87
1136,233.38846751533,0.0
1137,403.64329958978794,418.17
1138,254.33900797996063,128.39
1139,653.5573508610311,384.85
1140,170.96963953546185,120.79
1141,48.622565057733894,0.0
1142,454.32209100411575,235.02
1143,362.6010475067111,228.46
1144,571.284211384564,1376.17
1145,877.7118562998455,487.33
1146,184.1513380341734,44.9
1147,439.25304181936417,240.2
1148,61.53447497141751,0.0
1149,612.4285062415114,609.82
1150,288.0988744794614,295.24
1151,44.77124113173667,0.0
1152,147.3184045587612,0.0
1153,324.03262846876976,258.71
1154,71.11615102035094,120.71
1155,0.0,0.0
1156,206.86444760295808,344.29
1157,264.8480683084751,238.51
1158,445.679497038621,92.46
1159,541.4894929482496,388.37
1160,76.98519645213868,22.45
1161,0.0,0.0
1162,321.0692023009061,573.78
1163,280.8016350513375,318.5
1164,130.7812373901214,40.95
1250,1837.5641860418757,1058.2
1251,1396.5280595114452,1126.5
1252,1334.6003011069631,1185.6
1253,501.55213814232354,321.1
1254,504.6280720865551,192.0
1255,264.95565608838047,0.0
1256,286.21410665212693,244.1
1257,76.93038304750273,63.3
1258,314.41030040519803,978.7
1259,278.16480977105624,207.4
1260,38.767744496395466,21.1
1261,1869.5713836843843,1060.5
1262,1379.3737565970785,455.5
1263,1275.1991870336576,1737.3
1264,619.8304353335861,140.5
1265,681.0628979580694,184.2
1266,283.71476278684923,0.0
1267,415.8794817755023,323.4
1268,182.1558098837192,42.0
1269,448.78814428747745,429.0
1270,368.87746192572564,325.1
1271,67.89267944251992,126.6
1272,566.6672387084003,942.1
1273,830.4943004190234,1321.4
1274,485.6172513631183,1396.1
1275,25.74644026789563,80.8
1276,236.0036252043996,127.9
1277,111.62766186321082,0.0
1278,141.51141208519806,201.4
1279,0.0,21.1
1280,153.38847148671465,256.5
1281,141.42199644685485,124.8
1282,14.323004469789392,21.1
1510,271.9208547227101,356.22
1511,323.3194137278288,692.36
1512,187.52389349375275,231.87
1513,374.79409297658384,558.72
1514,329.3314690488165,307.81
1515,137.34127767843069,134.9
1516,229.69997561381533,273.86
1517,212.94940367120503,465.33
1518,344.438737181198,578.0
1519,306.79674256915354,258.97
1520,236.16053621484804,132.2
1521,200.0778271474685,249.7
1522,386.07261507098576,954.6
1523,249.24414299497107,146.7
1524,269.29657189795716,189.2
1525,426.3421772015351,472.1
1526,206.23167310943307,73.9
1527,258.5014125912493,628.66
1528,346.1156005152017,830.86
1529,173.6953124805631,154.58
1530,394.9030737822215,706.81
1531,313.76590376651745,570.63
1532,109.10810171078761,67.45
1533,215.7220565725106,408.33
1534,187.45194537300114,156.17
1535,334.63022791730083,638.68
1536,311.5112990501552,387.89
1537,220.06099570061718,177.08
1538,166.95053930463706,443.8
1539,302.8772373245177,542.1
1540,285.9661960539107,138.8
1541,433.24798927729427,293.7
1542,126.95376844136482,0.0
1543,155.15678155773566,539.96
1544,201.6376952669927,957.26
1545,98.7761993479306,77.29
1546,223.33519752140825,521.26
1547,238.99672767019942,434.22
1548,103.33954635600966,898.64
1549,237.95608967946313,377.48
1550,100.74111145994888,154.58
1551,133.53156254959248,195.03
1552,238.95070413246935,0.0
1553,171.24227977223185,418.0
1554,292.151776781034,73.4
1555,235.3517381847135,136.9
1556,357.02590367387603,147.8
1557,190.69931329692565,147.9
1839,297.68862041215027,389.3
1840,746.1129051744678,1241.0
1841,240.4755894366946,546.4
1842,115.62690457246234,28.3
1843,837.1586507579675,643.0
1844,342.6134387292562,545.5
1845,263.2019893903993,262.6
1846,206.15985659152346,366.5
1847,548.1700033688581,968.1
1848,1133.5833921267288,1285.2
1849,206.6390714929384,20.2
1850,341.18593678626064,87.1
1851,511.96331967695824,262.8
1852,898.3294233840024,503.0
1853,447.14187893480386,812.8
1854,110.24319784696885,20.2
1855,92.56454137831734,0.0
1856,341.3651936771626,0.0
1857,738.9562743940731,908.1
1858,397.1363080002694,186.7
1859,405.2552751508449,714.5
1860,95.44151151594504,0.0
1861,107.38917961440954,90.9
1862,120.9972239171681,0.0
1863,408.13067034357243,564.4
1864,603.4883019940869,630.3
1865,103.08504555661553,136.8
1866,746.3584118227561,1786.9
1867,43.70069816925956,45.6
1868,413.9341049488504,188.1
1869,296.68195762788656,465.1
1870,61.54952167700443,0.0
1871,0.0,20.1
1872,251.07638400586944,64.0
1873,862.8135161193735,118.3
1874,454.7481905079011,41.3
1875,239.43177915673704,178.6
1876,47.66461829502865,19.3
1877,518.7474594827752,42.2
1878,1100.042558983056,371.9
1879,339.3302259432964,182.6
1880,240.5988417292417,0.0
1881,1173.5191308490025,345.9
1882,400.98728343834387,87.2
1883,311.0526325752037,274.1
1884,401.1597584776929,42.2
1885,637.5394286257111,1192.1
1886,1245.0396948597245,831.7
1887,331.3651607592793,259.8
1888,206.81549824769763,85.9
1889,1095.7052574034717,271.3
1890,575.2025241973145,850.8
1891,77.75434518773605,0.0
1892,413.9521149613465,171.9
1893,925.7932252938514,464.9
1894,622.861681026838,233.8
1895,453.46853434745356,1534.3
1896,150.35905509440653,0.0
1897,191.07313401764122,90.4
1898,112.94279890121746,0.0
1899,553.973791418192,517.3
1900,683.670951233995,490.4
1901,148.85046522444634,68.4
1902,908.9794507606803,1134.3
1903,66.06623667612833,0.0
1904,553.6183096260742,0.0
1905,330.1271372871217,546.5
1906,64.0038926245336,0.0
1907,164.61985992437863,65.2
1908,1.4475070938325985,20.2
1909,316.0364490950584,39.5
1910,800.319129054705,123.8
1911,212.80112181179396,0.0
1912,522.4310578946975,755.2
1913,297.2653583928207,19.9
1914,1086.0775853938383,1638.4
1915,676.817070823685,349.2
1916,230.7889259707782,110.7
1917,418.494915991555,494.4
1918,985.5504868103284,1494.4
1919,282.96698542775096,179.1
1920,215.93755990067567,110.6
1921,726.0585382447068,916.0
1922,180.49551860801117,86.4
1923,153.15229836179992,0.0
1924,463.7114581612079,0.0
1925,100.15027296787704,0.0
1926,116.45890028008382,86.9
1927,152.168077300369,0.0
1928,86.89454421975793,184.8
1929,509.61126776167555,109.4
1930,948.4203039119002,234.4
1931,563.7107321676214,541.0
1932,807.5709293869793,223.7
1933,252.45879316707638,0.0
1934,810.9793692032414,225.0
1935,380.1316966073474,597.9
1936,133.62552137309046,87.0
1937,0.0,86.4
1938,606.3714202359236,255.8
1939,289.0039076648377,47.1
1940,409.90471905830674,445.4
1941,140.68270053183932,0.0
1942,98.91908742509023,203.6
1943,103.88011114331596,0.0
1944,505.84494776559404,489.9
1945,355.73896840697114,329.7
1946,101.52192300381513,159.6
1947,567.3000359851621,1642.2
1948,59.611786984032406,46.2
1949,364.99840637881726,93.7
1950,230.42568629907595,648.5
1951,9.77255685343333,0.0
1952,0.0,120.4
1953,0.0,37.6
1954,386.1522976861566,57.5
1955,215.788908419338,88.2
1956,157.36001029814685,51.2
1957,645.9976593708736,1777.8
1958,328.70640154880243,152.2
1959,369.8518421011311,672.8
1960,97.99677394474917,0.0
1961,285.4105984224824,583.2
1962,709.484999022151,1137.8
1963,181.36784080265832,159.2
1964,124.47167787652339,331.8
1965,417.4360985178547,395.1
2057,419.05179784457295,283.8
2058,204.877265349976,184.4
2059,241.05476708554073,268.0
2060,447.044276849768,115.6
2061,63.97039842233115,107.5
2062,214.26097771987162,184.6
2063,235.38370446702984,133.2
2064,304.8757786014447,345.3
2065,276.2780266468227,734.0
2066,224.78642489461595,448.4
2067,218.32163539997288,185.8
2068,475.9109137538686,568.0
2069,247.16303664365992,102.6
2070,618.6901215198754,113.0
2071,206.8783459126771,276.6
2072,366.30329124515595,177.6
2073,322.1065874887321,177.6
2074,78.43543825940375,64.5
2075,606.1929408128883,113.0
2076,200.54798481352418,276.9
2077,382.68846635404054,484.0
2078,244.94857974554407,418.7
2079,213.53934740113044,715.9
2080,60.93644422392632,22.3
2081,214.91229012850644,278.7
2082,636.7982410017942,685.0
2083,330.71562031114826,0.0
2084,373.96503664387194,171.6
2085,363.03217816852896,40.0
2086,112.79715373856047,25.5
2087,708.2067019523902,476.8
2088,173.00769656125053,0.0
2089,369.7667017159557,55.2
2090,190.57245538109854,133.2
2091,135.1542219822893,92.2
2092,39.2426303304818,43.0
2093,445.2691743991569,0.0
2094,207.60810577527673,44.4
2095,172.52884209975122,0.0
2096,202.99913592946285,346.6
2097,184.0524652546113,173.2
2098,198.35989956728903,455.9
2099,182.17418786002833,0.0
2100,391.66325041029825,690.2
2101,234.01421984877152,46.5
2102,322.3872606664604,0.0
2103,265.9324583911669,72.5
2104,68.75580161447174,125.6
2105,526.0548632868944,1199.9
2106,150.72586614605902,0.0
2426,398.79448879226976,578.0
2427,214.12592016821822,0.0
2428,700.029312124558,713.7
2429,645.105159603173,62.0
2430,114.24460761175078,46.45
2431,55.406320564098145,0.0
2432,109.05515904450718,0.0
2433,126.76454108545587,24.36
2434,126.17635961250384,79.6
2435,23.828004917857324,78.7
2436,107.72523663512251,0.0
2437,436.4481462722333,919.34
2438,686.977157737396,1303.82
2439,131.6209808364933,243.42
2440,155.03389572103617,78.59
2441,253.9942609400053,159.98
2442,288.26063572966547,181.64
2443,294.12821786160566,0.0
2444,75.22160083515973,0.0
2445,167.5190258617199,272.0
2446,111.17900915060322,90.4
2447,262.64089004005575,0.0
2448,59.56015322896917,0.0
2449,130.434942909555,306.0
2450,160.9341861081677,43.1
2451,326.0888838040939,0.0
2452,120.13087478593805,0.0
2453,133.36988361325433,0.0
2454,423.0471881616839,561.0
2455,187.8394631599713,351.6
2456,646.7267347550876,448.5
2457,488.7636641739562,42.5
2458,142.47401796919516,186.99
2459,89.61124122609431,0.0
2460,129.09492019971495,0.0
2461,177.8802353931268,117.8
2462,192.3713225787391,0.0
2463,463.2964694889359,980.18
2464,761.491717018791,1355.8
2465,127.89958305405807,161.52
2466,123.14439679357386,0.0
2467,264.02521631123943,157.55
2468,375.83051657130306,0.0
2469,408.96880870203074,0.0
2470,73.32886268023356,0.0
2471,206.98391170622608,136.0
2472,157.04562048434076,131.4
2473,390.84191598029605,0.0
2474,83.63545215349578,0.0
2475,190.14044879360253,170.6
2476,220.21091565509778,43.1
2477,402.930229265786,0.0
2478,126.70701500215213,94.9
2479,152.52724641925622,88.3
2480,242.89056111906308,1047.5
2481,576.2806607150496,523.3
2482,130.6279108962391,171.8
2483,397.6958552710633,0.0
2484,54.04115975231215,46.45
2485,64.72062622526803,0.0
2486,146.5710267797648,39.8
2487,100.45075079841463,0.0
2488,391.8277561452948,1262.1
2489,477.9605283408053,498.89
2490,56.91884803879937,80.76
2491,91.52464809484552,0.0
2492,0.0,0.0
2493,87.1396267333993,235.77
2494,208.43905583067794,196.91
2495,227.52282987957557,242.31
2496,227.88550793316372,0.0
2497,247.38112985137946,0.0
2498,54.83740918106795,0.0
2499,157.28980248037334,34.6
2500,96.5165998172572,0.0
2501,218.82938367321646,56.8
2502,67.74629130102505,0.0
2503,136.77694997348038,43.1
2504,128.27925141726774,0.0
2505,264.9116156230465,0.0
2506,119.62554887386713,0.0
2507,124.00890786130705,43.1
2524,885.0086968556083,245.0
2525,706.0752087057685,525.0
2526,664.7968648246698,156.0
2527,221.4596867071672,170.1
2528,986.4287619379959,718.5
2529,656.8364607009408,756.6
2530,716.0427332632852,579.8
2531,207.62475039866254,56.7
2532,1002.6949644676102,59.4
2533,655.412234170371,486.6
2534,652.6861564833943,76.4
2535,197.4461318268806,94.5
2536,1031.2561642916785,313.0
2537,631.4616176100114,454.4
2538,664.7739579913803,330.3
2539,190.39768873322572,151.2
2540,685.1759527696364,185.6
2541,509.3983667907376,463.8
2542,442.08898673094035,38.2
2543,98.72627881019511,94.5
2544,546.6137595588841,272.8
2545,429.2927804803991,272.6
2546,506.55415147133436,0.0
2547,96.25503719929195,0.0
2823,344.7250413524803,154.1
2824,430.9335088597142,248.0
2825,366.5556664775455,327.8
2826,77.62860025396421,0.0
2827,0.0,0.0
2828,96.59141427615188,27.21
2829,283.7770904689617,98.88
2830,346.4758916476925,105.42
2831,325.4359629095508,71.2
2832,671.4485592752693,736.2
2833,137.71192858844478,129.5
2834,225.8026511075189,418.9
2835,852.1205313166383,746.6
2836,292.98464490719977,0.0
2837,119.98905074469351,0.0
2838,516.8247332803846,650.2
2839,89.5155617647604,51.0
2840,345.47517078713355,578.2
2841,484.45037248661475,253.1
2842,415.75744516215343,105.5
2843,100.22901259550979,24.2
2844,290.8530356267364,0.0
2845,53.680533970962166,0.0
2846,439.33983558757956,0.0
2847,374.24220389012237,71.2
2848,849.3773664277235,1092.4
2849,232.19293563507827,322.2
2850,133.8987147839589,25.9
2851,799.3175178992199,1286.7
2852,285.5483394506017,783.9
2853,128.02251640476328,215.3
2854,392.864035282284,1059.8
2855,119.11584581153272,102.0
2856,334.3207607139371,439.0
2857,391.39036731886875,85.9
2858,251.97505760323943,0.0
2859,145.14687016839622,0.0
2860,158.57049625020596,129.97
2861,134.7069613525764,131.23
2862,254.27012815871012,0.0
2863,266.3594940628886,142.4
2864,392.1142083842632,378.7
2865,71.0269672279854,51.8
2866,135.1666884633202,299.6
2867,473.95353747760146,1342.5
2868,213.99268558512568,766.3
2869,124.79811805221921,0.0
2870,240.22766980367092,578.0
2871,50.97917369581999,76.7
3215,128.34423282445877,405.4
3216,332.52438895685594,66.7
3217,202.72368194018637,76.8
3218,102.95522582718017,66.7
3219,78.23103316281944,85.8
3220,34.06886153484508,29.5
3221,190.34066915384113,77.8
3222,593.2987548532041,840.4
3223,55.125089773681076,0.0
3224,147.14326758041202,238.8
3225,524.2288861733007,1378.8
3226,70.10498028355357,79.6
3227,134.7899938326688,70.3
3228,240.56359210249707,0.0
3229,103.09016502495952,0.0
3230,116.4939898885178,0.0
3231,183.4639939560994,65.6
3232,0.0,163.7
3233,495.19933960655624,180.3
3234,208.85519595714868,116.6
3235,53.334317337022625,153.4
3236,77.77094841202491,0.0
3237,153.2540055092854,88.4
3238,445.53963667016706,308.6
3239,144.15891215987477,154.8
3240,21.50003162615919,27.4
3241,116.55643719794122,88.4
3242,32.64989241082399,0.0
3243,301.28743855467616,66.7
3244,27.26462589217225,0.0
3245,192.25017468948923,35.7
3246,74.48620467530745,79.9
3247,159.2706694538611,0.0
3248,57.45645622547206,85.8
3249,202.46781956934902,191.8
3250,56.41488691908936,0.0
3251,578.8512688036711,815.6
3252,133.23356274324448,351.0
3253,587.8705306645415,1386.8
3254,42.547226428470445,39.8
3255,93.0891176276037,70.2
3256,249.5764026415997,0.0
3257,186.4211861823792,0.0
3258,73.68209377178871,0.0
3259,102.9235115126814,0.0
3260,0.0,0.0
3261,527.3311664726752,344.6
3262,208.29296532768052,40.2
3263,90.44494498579454,0.0
3264,75.78903960505248,153.3
3265,201.8879767699703,0.0
3266,470.7264354990548,735.8
3267,119.23249503054701,468.6
3268,0.0,78.6
3269,98.10706588961018,67.7
3270,6.120870174063571,0.0
3271,189.49187180402393,79.9
3272,346.26359870801764,66.7
3273,72.77145335404819,29.5
3274,142.61841803321505,0.0
3275,59.45996380011129,38.4
3276,190.03559820618835,133.4
3277,152.4218255380341,0.0
3278,191.43194643947774,115.8
3279,65.98644368430254,19.9
3280,385.67753420344917,837.2
3281,169.0530909221448,233.4
3282,443.51527352219665,688.4
3283,90.52777354475369,86.6
3284,200.87507061658926,0.0
3285,98.70929607177752,56.6
3286,98.39040183087383,229.7
3287,71.85083923478554,131.4
3288,27.1566156934803,163.7
3289,408.9222203751111,120.2
3290,214.3086047449337,195.0
3291,98.63669316376881,0.0
3292,88.46581124297263,47.4
3293,165.48658495856245,174.4
3294,414.5103421678211,602.4
3295,173.93929967668421,189.3
3296,49.31494265957853,95.2
3297,86.54175612131746,88.4
3298,31.166224351133657,111.0
3343,391.1455661400579,248.1
3344,247.19341882005932,298.2
3345,584.5121239764846,331.8
3346,141.5521323928235,42.8
3347,305.0671513375894,0.0
3348,491.46818455626754,425.2
3349,440.1790147695965,433.9
3350,22.294424995867317,0.0
3351,335.7362647193371,194.8
3352,922.1011529258016,678.3
3353,677.8553269259676,696.2
3354,258.197423448814,87.8
3355,523.8841182191526,453.1
3356,409.3135186238975,0.0
3357,342.8397973144959,1010.5
3358,238.92839634664642,99.4
3359,578.79769371972,704.4
3360,184.02894573845074,0.0
3361,339.4094088177721,77.2
3362,594.2273924737846,349.3
3363,306.30800940951093,247.7
3364,344.55737479667545,116.4
3365,23.379962572769482,0.0
3366,1067.8152211098957,566.7
3367,724.8695330951788,529.6
3368,265.2997840003996,211.5
3369,439.70533025717685,542.3
3370,363.6329019737651,0.0
3371,244.7051091673598,74.5
3372,307.78226861526457,300.2
3373,376.84475020381916,392.6
3374,92.15526942048203,41.8
3375,284.2977444112354,38.2
3376,508.8241265208154,57.6
3377,418.43743557035395,0.0
3378,14.835246524512376,20.9
3379,300.52682340163994,0.0
3380,777.3151865869838,406.0
3381,556.1864992847957,357.4
3382,220.76365078814325,39.9
3383,441.7058134360292,136.6
3384,341.10978853223156,0.0
3385,605.8420908285077,341.9
3386,387.17077630632866,294.2
3387,480.2598837161744,384.1
3388,190.69674973474633,0.0
3389,232.85357553291323,0.0
3821,112.89027183321232,0.0
3822,584.5748938475933,313.6
3823,44.11006178236126,0.0
3824,217.07171483019027,599.5
3825,382.27080619128765,528.4
3826,461.0506909446378,1238.2
3827,265.0884207588887,386.5
3828,216.740745854111,176.4
3829,45.33312686172108,22.9
3830,284.61730044577956,141.4
3831,432.3576499947975,281.6
3832,41.85190452105288,45.4
3833,453.4471590577688,394.4
3834,433.88788674550676,233.7
3835,691.243079513128,346.8
3836,489.33573824066644,375.0
3837,271.11143756144816,233.4
3838,627.6374708791825,975.2
3839,159.9712359790604,0.0
3840,23.456622310931408,45.4
3841,346.4729002790913,0.0
3842,627.7587042247833,906.0
3843,402.1644584981796,702.2
3844,195.39750837873063,68.0
3845,74.87008623444689,135.5
3846,33.96549089160956,0.0
3847,0.0,0.0
3848,124.1876063847848,69.8
3849,151.66867487866904,46.1
3850,122.39322982958875,114.4
3851,2.179861185904707,34.1
3852,496.2178228037327,138.6
3853,170.43493914683594,47.5
3854,19.50598544572502,0.0
3855,321.76311618643393,175.8
3856,341.6469397574532,618.8
3857,252.06446977665354,94.2
3858,253.4458759374639,47.1
3859,341.02898391858446,233.9
3860,366.6989639495082,564.9
3861,20.848771208429678,22.6
3862,367.7187514834353,46.3
3863,495.65034166786035,468.4
3864,729.3625719655266,325.2
3865,443.7760039105923,470.5
3866,338.81230745621133,469.5
3867,666.4580127607768,1113.0
3868,142.4574484996745,0.0
3869,342.8275868645078,94.4
3870,727.0691116776543,649.5
3871,488.31424553162435,654.2
3872,205.3826080275991,0.0
3873,118.58342309967013,69.0
3874,27.269634751858298,86.8
3875,0.0,0.0
3876,435.81192208496157,1572.4
3877,1085.5604377539194,2703.7
3878,222.1107091200065,339.4
3879,549.7446756376949,562.5
3880,0.0,34.1
3881,38.67003507841013,68.4
3882,64.59213811770097,0.0
3883,585.1400227071659,46.5
3884,178.46144324685446,117.3
3885,389.9956176457778,87.5
3886,228.29277128116163,174.3
3887,96.07060455815102,0.0
3888,222.8421943297838,35.1
3889,242.18222207326352,93.3
3890,408.62473682551695,1031.3
3891,248.09633543402666,46.3
3892,9.017378125428225,0.0
3893,476.42896556581417,46.0
3894,263.36569427385473,188.0
3895,170.33900190615287,280.2
3896,375.5381490372748,903.6
3897,138.21220180217037,93.6
3898,170.483133841756,374.1
3899,86.48198987193099,187.8
3900,353.3316498175575,812.0
3901,104.12849395261216,562.5
3902,0.0,0.0
3903,53.50609558270459,67.0
3904,18.782348666988643,85.5
3905,0.0,0.0
3906,210.23215472660195,244.1
3907,518.0737980627907,842.6
3908,194.93590113876718,615.5
3909,56.80147894078842,126.7
4018,227.63730170013952,488.9
4019,343.3901818140454,469.2
4020,27.81669235742636,0.0
4021,26.004305493272454,96.6
4022,258.99308640499004,623.7
4023,574.7051857826326,245.1
4024,38.31355799964916,0.0
4025,0.0,0.0
4026,0.3476318277471284,55.6
4027,156.80744552537013,296.8
4028,367.0424235804852,587.0
4029,0.0,77.6
4261,732.066335465145,891.99
4262,187.1132657318501,175.01
4263,262.82201053496397,176.38
4264,628.6962322511969,395.16
4265,130.94607020979342,88.26
4266,244.29064616592922,174.57
4267,37.064441858881594,0.0
4268,60.19086064247974,118.14
4269,25.758196249877027,39.16
4270,121.6475297387606,0.0
4271,1070.1781520089176,1882.99
4272,1073.2676578031237,412.73
4273,430.4197844205304,0.0
4274,270.1903033233612,102.21
4275,491.3482671607496,75.23
4276,182.28596852085246,0.0
4277,730.0551019775373,1639.44
4278,104.00425228959061,174.14
4279,218.4127396726954,358.17
4280,250.16244703601333,204.39
4281,918.2527806971963,786.6
4282,194.99886564899347,174.31
4283,549.2362494545356,46.96
4284,680.6276092248839,221.09
4285,143.77237874013704,174.52
4286,381.5615191903777,128.29
4287,35.7451481689871,0.0
4288,67.53145814373609,0.0
4289,772.4058963762324,61.02
4290,38.19904055545355,83.58
4291,123.50418391978755,58.78
4292,236.60226000412314,38.9
4293,731.7285731469632,1739.74
4294,371.5738368728275,266.15
4295,1043.5867866559054,736.18
4296,167.5217846458026,24.06
4297,183.89602963181858,0.0
4298,185.84173608603015,0.0
4299,739.1611953919135,1031.19
4300,240.23521493140123,33.81
4301,426.8334461935183,670.26
4302,131.41244253529686,0.0
4303,248.6653207147061,0.0
4304,188.13467143496598,525.18
4305,59.15642361603767,174.52
4306,127.20719793543162,162.66
4307,38.97439510953084,0.0
4308,19.371195219742496,0.0
4309,80.54232916006397,0.0
4310,189.50778734183112,0.0
4311,8.158884738959278,39.28
4312,191.64609025789846,255.62
4313,532.4773245222481,805.89
4314,288.8019565441491,303.51
4315,89.2879578812102,0.0
4316,192.40738259095846,71.21
4317,536.3531585313202,400.79
4370,122.38717824117893,44.5
4371,149.4131478682969,100.5
4372,36.441522489055345,0.0
4373,18.624675234294187,49.6
4374,300.0231274610098,262.6
4375,173.56872429000953,188.4
4376,168.86740659318667,210.5
4377,139.71246214289442,117.7
4378,19.31182540896284,75.9
4379,123.02915169880086,91.4
4380,168.52115331525692,0.0
4381,11.400908218053914,0.0
4382,424.1003704313886,61.8
4383,280.138809439954,0.0
4384,553.90323424352,170.9
4385,83.03170234424765,20.6
4386,460.2828367557131,72.2
4387,313.6024559250883,0.0
4388,596.8927270663729,0.0
4389,287.75948385956326,0.0
4390,606.2279800516235,70.3
4391,241.61577532755214,0.0
4392,388.07007406180867,0.0
4393,296.1556345708813,0.0
4394,554.2212892891395,241.5
4395,220.17080002139582,117.9
4396,65.66686048403577,0.0
4397,108.72221275960729,89.0
4398,122.54038969895412,95.1
4399,21.206084622536142,0.0
4400,52.70836357924723,49.6
4401,458.2141629965984,324.5
4402,136.12556943425488,37.7
4403,97.97028888787304,280.5
4404,74.43395485333073,0.0
4405,0.0,50.6
4406,113.41106579808056,0.0
4407,158.03822913175708,0.0
4408,11.163893259083993,0.0
4409,500.93601646154366,0.0
4410,290.7266589232575,166.8
4411,677.9107387474771,170.9
4412,72.75537900451411,20.6
4413,379.7029492905932,93.0
4414,360.4575106729346,0.0
4415,699.2590744310312,0.0
4416,296.888360101779,0.0
4417,691.2274572453631,73.3
4418,278.44635727847304,0.0
4419,420.90206120148775,0.0
4420,369.34969338229325,81.9
4421,815.1605672370656,0.0
4422,70.73013422937842,20.8
4423,176.42158341574577,0.0
4424,65.3236410234586,0.0
4425,154.49173788167172,100.5
4426,16.304826509201447,245.8
4427,331.71405855454407,62.0
4428,122.19839769554372,40.2
4429,188.81271202464805,281.9
4430,96.20428624849936,0.0
4431,99.58315227373787,0.0
4432,123.25320705804515,0.0
4433,0.0,0.0
4434,373.0256228284128,0.0
4435,227.91418445085264,235.1
4436,472.84701090938825,261.1
4437,38.500269641824715,41.2
4438,338.31501110983186,0.0
4439,279.72481660021737,0.0
4440,507.3170850646976,0.0
4441,272.26254158828243,0.0
4442,483.781494215122,0.0
4443,184.89961498346653,0.0
4444,386.5727366846329,282.7
4445,257.13004162135184,124.9
4446,538.9340146951088,0.0
4447,36.869374322293076,21.3
4448,158.89459004557108,0.0
4642,141.78902786093505,196.0
4643,81.5232585233671,87.7
4644,5.508170300413998,0.0
4645,296.2086168384679,221.8
4646,145.95127334962166,265.3
4647,86.4418847966235,88.1
4648,9.041690381437657,0.0
4649,289.0612300126122,445.1
4650,94.96930042663114,96.4
4651,315.49892795129,959.3
4652,193.81127537367135,335.0
4653,94.35191170190357,161.65
4654,194.6893065551958,190.5
4655,199.44490798480487,92.6
4656,25.54728803078913,0.0
4657,76.23260965917511,0.0
4658,51.300001871510084,0.0
4659,100.8103661523327,283.6
4660,142.68040549782137,226.4
4661,92.7124203877577,303.4
4662,23.98258530986817,0.0
4663,148.73924680398096,187.4
4664,100.74527265927478,88.3
4665,24.72335732967005,0.0
4666,317.3069176683524,515.5
4667,92.5006963726827,88.9
4668,141.49481792738274,312.9
4669,11.422013052016158,0.0
4670,308.60798917896847,301.2
4671,79.11356893664143,265.4
4672,197.53271279040504,706.3
4673,172.0149627776986,170.6
4674,77.65886335441687,259.9
4675,174.4645232035372,178.2
4676,178.31894374670964,171.85
4677,15.713812160626901,0.0
4678,55.53318774902785,46.9
4679,36.811251029776585,46.9
4680,8.242737250614505,0.0
4681,103.80684357222806,140.8
4682,82.83235632381742,112.65
4683,77.14503724558824,69.3
4684,100.71396693060663,314.6
4685,60.82890575530305,0.0
4686,4.06420229884108,0.0
4687,302.1188195634307,277.7
4688,71.41281705191945,91.6
4689,121.762165232802,192.0
4690,12.560981350115995,0.0
4691,288.18277925464315,253.2
4692,149.67260876296615,336.9
4693,144.18001698617914,70.8
4694,62.30990813404303,232.8
4695,48.446360161115464,49.0
4696,63.10446452152753,122.05
4697,187.85800636436747,0.0
4698,145.47449151141305,177.0
4699,4.977002702653342,0.0
4700,52.66073439424033,69.75
4701,72.83033202634059,0.0
4702,0.4545948848478668,0.0
4703,71.80646702520644,0.0
4758,881.8246121338905,1208.6
4759,265.0460733089846,256.7
4760,221.08243078296974,264.8
4761,143.91240926035778,91.6
4762,61.25083642922324,0.0
4763,185.09180922718323,87.6
4764,595.7943106956412,577.0
4765,298.6136964347064,302.4
4766,102.71633767721964,115.0
4767,588.630304912854,116.4
4768,241.92049746018316,0.0
4769,340.2898406726987,229.0
4770,141.61505699843264,79.6
4771,244.3402388537023,262.8
4772,347.6401170537786,225.4
4773,143.064297591748,272.3
4774,646.6328898785638,302.4
4775,51.3067095901122,0.0
4776,656.1486721224019,930.5
4777,286.9922100066599,221.8
4778,245.90589748530064,176.8
4779,134.80165884657637,91.5
4780,90.27141064102436,0.0
4781,204.60879105568415,174.6
4782,610.1298976900722,534.4
4783,273.4168490084547,474.3
4784,74.41921380572867,22.9
4785,670.6410994821234,570.8
4786,237.1067373522685,235.9
4787,342.87602749842455,143.5
4788,150.19933931047814,99.5
4789,248.73632022910442,67.9
4790,349.9699730356369,975.7
4791,126.11356439580808,266.7
4792,700.6750464309835,371.2
4793,56.49736968844883,0.0
4794,480.99000710983347,904.9
4795,179.25010017731262,188.9
4796,161.84544986802115,354.4
4797,54.135836788688415,119.0
4798,89.07281019324307,264.5
4799,308.5816956110194,841.9
4800,184.36957290455382,241.6
4801,440.9219746617972,294.0
4802,173.8913616297721,73.1
4803,261.42673251575224,154.5
4804,116.28306048627057,79.6
4805,167.25901173025937,396.6
4806,269.98092435042344,372.4
4807,101.87122495735282,249.7
4808,476.89567274211186,58.3
4809,36.305093308484416,0.0
4960,360.54338986267584,0.0
4961,440.00605201531334,337.6
4962,264.0708124560201,378.2
4963,115.87414649348845,0.0
4964,264.3343311364521,140.3
4965,177.15428826584622,93.8
4966,269.61073333860395,0.0
4967,93.69555708303388,45.4
4968,498.59761417564914,468.4
4969,610.800007752038,363.4
4970,324.06982507591437,501.2
4971,128.63948251389013,0.0
4972,761.5453519124928,618.66
4973,302.37164724754905,40.8
4974,152.01485127002474,0.0
4975,134.07333157849942,33.89
4976,147.22386371225744,0.0
4977,5.110789811775474,41.71
4978,616.7367101950188,1135.39
4979,376.4590513871746,421.53
4980,439.2057212901806,456.95
4981,198.02887954234953,75.54
4982,395.5538998482076,434.9
4983,476.39258923725885,697.1
4984,270.26701884935284,322.6
4985,139.01019249738394,237.0
4986,335.04059041391076,209.8
4987,210.8463675012957,93.8
4988,295.85843912116997,0.0
4989,135.04776098206523,0.0
4990,535.6287608628224,889.5
4991,546.9026689263994,618.2
4992,326.9827186586814,230.8
4993,102.70645151134882,22.9
4994,553.1658755023652,154.68
4995,591.2532104817085,914.41
4996,333.72175839354384,533.17
4997,430.5897321130539,220.04
4998,312.30730898214836,542.2
4999,233.5504861558868,150.5
5000,334.2384829211927,314.8
5001,119.84985932818768,237.0
5002,237.7657195392852,208.1
5003,143.3904276083204,46.9
5004,254.71970041033478,174.0
5005,87.30957942265003,22.7
5006,392.9005200897308,489.6
5007,271.25090110794406,222.5
5008,131.4490251266068,45.8
5009,388.45123705517597,436.5
5010,307.02082388512724,0.0
5011,300.5443400827542,763.53
5012,390.84433129358956,110.04
5013,486.398308886806,128.14
5558,73.63008225724174,0.0
5559,53.743465157983245,44.35
5560,117.57576738370997,0.0
5561,47.24356705380473,83.7
5562,174.1966252272992,470.05
5563,138.19064300302415,0.0
5564,79.4098793570619,178.2
5565,101.58469161933931,90.55
5566,49.193883566567386,173.0
5567,83.67360531875852,394.9
5568,112.3434909083953,118.3
5569,71.52293195508297,0.0
5570,71.81479096398164,43.5
5571,127.96391149333802,0.0
5572,263.45232904621014,275.78
5573,267.4452183433109,57.71
5574,328.08842429082614,157.84
5575,443.72161748896144,290.83
5576,329.03164479657227,0.0
5577,364.35468409892013,405.08
5578,34.15505010700062,71.96
5579,152.38753435579144,222.87
5580,102.14715507697902,59.22
5581,57.225757768389016,74.67
5582,216.7062297768567,714.05
5583,103.7003361011198,203.86
5584,116.3278172781897,70.08
5585,17.840899802538274,0.0
5586,170.83183109323824,221.09
5587,143.51475604269123,372.77
5588,100.79473001162906,143.23
5589,44.94213699020638,193.7
5590,484.1725626997484,220.92
5591,484.0310727785043,160.59
5592,267.62787822918534,904.54
5593,149.11935004424933,0.0
5594,5.859972850803177,38.8
5595,84.53771173492547,90.55
5596,65.42714446727015,88.5
5597,140.29373217755142,0.0
5598,60.60447221086254,168.1
5599,150.83802070446671,446.6
5600,114.47153357734608,261.9
5601,66.9919943697095,180.35
5602,49.271302482898385,77.5
5603,49.61123450584021,164.9
5604,62.80604244270917,441.3
5605,94.81522675718479,225.45
5606,51.32629613426711,0.0
5607,52.24085467497114,177.3
5608,126.90532911844016,0.0
5609,287.5309549231406,803.22
5610,126.82327779894976,128.98
5611,260.0795003089353,234.97
5612,362.8200279233498,236.47
5613,326.62227247111707,376.81
5614,378.36864490912393,877.72
5615,96.46628683153821,76.16
5616,140.5092836241255,135.24
5617,208.91645020503515,387.57
5618,92.9846041606875,0.0
5619,8.118217644580099,0.0
5620,99.54488910076859,0.0
5621,203.24388221578732,221.75
5622,164.39169778562524,19.89
5623,145.4641384021799,408.2
5624,110.87342504088213,71.84
5625,30.243581157720588,38.8
5626,451.3385467854299,328.83
5627,545.3267641096866,118.89
5628,230.18008096405202,327.33
5629,164.37593392415906,24.82
5630,41.63562537094581,0.0
5631,13.27680207163795,44.25
5632,56.8748116868497,156.8
5633,38.79767990234118,55.8
5634,93.98183231094268,237.1
5635,63.719552936983334,0.0
5636,71.1328694098291,0.0
5637,42.31379332494098,0.0
5638,8.147601959139063,90.55
5639,51.800030200257254,262.9
5640,92.21573249717838,214.3
5641,30.67649848892817,181.1
5642,38.25410162477823,87.75
5643,121.65824637159895,107.9
5644,155.4909246534782,240.8
5645,228.2240179344796,80.65
5646,244.5054492503741,161.94
5647,246.49211284358125,80.76
5648,157.18131053497686,110.21
5649,65.58186342907268,577.27
5650,69.43400228582439,71.83
5651,158.4433667055115,21.09
5652,107.95517241717785,238.91
5653,169.27043355316613,276.2
5654,125.30374504568235,214.17
5655,83.38280068399517,38.8
5656,407.59433828041847,36.82
5657,186.66780040967515,217.37
5658,146.97767637722464,0.0
5703,810.2902270264847,1306.26
5704,491.1134556207683,302.02
5705,650.9018995834986,920.21
5706,175.31412023867907,293.42
5707,472.97855188569326,80.75
5708,608.4456987259043,345.22
5709,168.90184829333666,20.14
5710,223.81408069114815,93.14
5711,153.38868043115957,172.85
5712,577.8391310687508,136.95
5713,549.4693885567324,42.01
5714,212.13574775728017,0.0
5715,817.0766092119263,1128.65
5716,516.4372867862859,295.59
5717,593.9381408066434,1030.73
5718,174.2258376744421,298.84
5719,510.6857525613229,42.29
5720,749.5398556803117,297.75
5721,196.92485392179842,24.02
5722,220.33991702734198,72.13
5723,181.33671339724134,44.16
5724,701.8093391119987,374.61
5725,580.1728207170108,78.99
5726,201.30535041538067,0.0
5727,531.7783556063331,430.73
5728,477.62317188023724,1241.02
5729,35.855587588950776,0.0
5730,87.23780100439357,140.63
5731,424.18758763067973,38.3
5732,598.6351562691436,218.86
5733,175.8740641487291,20.14
5734,173.20218135029876,0.0
5735,159.53851444213143,20.12
5736,512.175096535301,132.38
5737,491.65539326492524,108.05
5738,175.72008854557134,181.4
6407,14.838762667103751,0.0
6408,42.87939267312686,0.0
6409,0.0,0.0
6410,216.9839750760215,0.0
6411,120.77043576265399,137.7
6412,173.92133634510452,264.3
6413,126.28124169370793,162.2
6414,44.541037961823974,0.0
6415,135.24237068804172,405.5
6416,34.773928121416795,45.4
6417,219.94759271688366,345.6
6418,210.34921577366987,386.9
6419,102.70775405145903,0.0
6420,27.03638806851314,0.0
6421,126.67146848047796,162.2
6422,79.80661151274754,80.9
6423,116.29009695555499,235.0
6424,14.091565066977875,45.4
6425,112.52896858503868,310.8
6426,152.54985575217017,324.4
6427,339.92192034569655,312.5
6428,165.45889993079354,80.9
6429,159.09327480590227,141.0
6430,9.639313628985331,0.0
6431,54.10039052499868,0.0
6432,0.13654317350109765,0.0
6433,224.1410894762962,33.9
6434,125.25332339496144,345.6
6435,25.850270936347396,80.9
6436,106.50056018435598,47.0
6437,15.617600746340091,81.1
6438,47.484259004650674,113.5
6439,349.0940516869574,137.7
6440,122.13138746091981,405.5
6441,261.26961584940807,182.1
6442,94.38519856389324,80.9
6443,20.976254511544017,0.0
6444,143.56548648669204,81.1
6445,40.31142090485359,0.0
6446,137.14285108478938,94.0
6447,137.22765052419282,91.8
6448,128.85823559654713,324.4
6449,242.64682262981765,91.8
6450,78.43685487386294,80.9
6451,0.960822770962573,0.0
6452,17.48905156535904,0.0
6453,0.0,22.7
6454,82.3234678749816,0.0
6455,133.3596990783764,161.7
6456,10.917907142673094,80.9
6457,53.85043833447496,94.0
6458,186.36815777063163,103.8
6459,70.63509800087765,81.1
6460,57.54186068254885,242.7
6461,23.566025050833467,68.1
6462,89.81036813702416,81.1
6463,0.0,33.8
6464,8.727066637121258,0.0
6465,18.884218564366897,0.0
6466,25.62739774664733,0.0
6467,0.0,0.0
6468,251.55109185335482,57.7
6469,106.60374971558721,162.2
6470,43.64960735202693,33.0
6471,64.48623882639285,80.9
6505,210.66469546371135,328.8
6506,96.15948803639432,184.5
6507,98.65322106220822,450.6
6508,238.16317501767168,142.0
6509,202.7580169326996,0.0
6510,240.37833847877036,0.0
6511,253.6693756877492,430.8
6512,138.38093177421771,265.2
6513,95.90766537879644,361.9
6514,276.7094829833168,177.8
6515,260.1013819519375,0.0
6516,275.61770823396694,0.0
6517,146.12042885767488,593.5
6518,61.940731236490606,244.8
6519,36.06102115146127,180.6
6520,186.49352258483785,212.6
6521,152.24407908730987,0.0
6522,170.29446624921954,0.0
6870,246.04462465735054,164.86
6871,221.07864255908157,161.3
6872,148.75265203492958,116.67
6873,205.229321617508,337.4
6874,377.41330191748506,346.11
6875,402.11746052225493,467.25
6876,518.1961061885102,816.18
6877,578.0165368750551,987.99
6878,376.2242565832382,548.8
6879,402.5231605292597,472.06
6880,262.7510342425382,669.13
6881,327.38503706157576,312.4
6882,464.9933559905583,375.16
6883,217.64172915609078,186.24
6884,358.08522173999893,440.7
6885,329.82961475450975,542.05
6886,51.44494776301612,0.0
6887,119.95981522463721,185.03
6888,90.8799792246293,67.32
6889,77.838508578248,124.1
6890,93.22551809411486,0.0
6891,44.242208147332896,0.0
6892,106.11666573076616,33.66
6893,144.06842037376572,0.0
6894,233.41088323836397,81.0
6895,652.1707280829079,488.08
6896,414.9687077989145,114.93
6897,294.3721004963702,138.88
6898,284.9816467469201,309.42
6899,185.74795508261485,486.63
6900,154.3804778965313,24.03
6901,904.1728856802476,426.77
6902,515.5636488188095,115.08
6903,14.17948594355805,0.0
6904,282.7236827910693,88.2
6905,461.95970575384644,696.4
6906,226.83570191915823,216.0
6907,379.1902896429737,155.0
6908,271.85200260494514,483.1
6909,231.44787448752535,510.51
6910,159.7255611245274,23.13
6911,224.59868500543672,406.35
6912,407.17443585338145,262.06
6913,583.2772653603898,1207.74
6914,404.3044823364837,447.36
6915,631.8359260518282,873.12
6916,438.3877655780619,514.5
6917,293.7458325103147,298.65
6918,371.2239339247727,437.36
6919,404.07556054722824,93.7
6920,469.8608625170008,427.58
6921,337.6344035391059,570.63
6922,219.36320871276357,116.37
6923,317.53177521953785,847.34
6924,53.6177534859839,0.0
6925,34.55632676052077,0.0
6926,179.53102131318929,138.59
6927,136.89882381416206,0.0
6928,130.4234430870787,46.44
6929,37.59927741425405,24.12
6930,97.86089587446013,33.66
6931,127.27568107098837,0.0
6932,252.55870209957348,0.0
6933,772.7722369709616,0.0
6934,286.6332416579966,430.98
6935,374.3235029097047,36.33
6936,142.45883933916429,24.48
6937,923.863698921123,975.36
6938,543.358915937194,115.08
6939,1.8885804303328846,0.0
6940,290.9973432058468,150.8
6941,509.00581606693083,301.0
6942,262.33847826230095,317.4
6943,424.6036999898335,422.4
6944,168.4613979068912,506.59
6945,155.19087837820342,594.64
6946,99.49942824037649,0.0
6947,161.26405593498765,304.66
6948,388.60498808441264,1207.98
6949,223.61620044623078,249.88
6950,409.9822965174221,1155.72
6951,219.28824914116208,99.43
6952,302.94731202279684,240.1
6953,336.4516657387941,249.92
6954,218.24017351588492,299.4
6955,61.52797509862444,0.0
6956,387.13085940812607,707.41
6957,251.98572161108297,356.52
6958,305.96346512177695,843.92
6959,118.61300928355536,23.03
6960,61.790822457896226,0.0
6961,70.12780596280875,0.0
6962,89.04218393276601,33.66
6963,81.08619501148715,46.44
6964,3.1149951371092754,0.0
6965,113.1895319283658,44.06
6966,242.77688633154452,0.0
6967,672.6165899658814,60.91
6968,175.1446115265391,158.85
6969,295.4935651505486,0.0
6970,684.9201104286285,301.39
6971,477.7164191199614,76.72
6972,29.56601078078835,0.0
6973,222.11801989537722,306.8
6974,371.1541849747524,400.8
6975,199.11238656137147,373.2
6976,315.2586391610362,448.6
7984,72.76732205339079,22.5
7985,185.90463855101225,57.9
7986,48.53882366869287,0.0
7987,30.550559642195786,0.0
7988,349.43569312660424,395.1
7989,265.23924307220693,1039.3
7990,341.4052286333467,530.2
7991,44.89007374130533,23.4
7992,0.0,119.8
7993,347.4070987938709,627.9
7994,236.53796740252113,260.9
7995,439.5319681913373,485.7
7996,112.35671032754564,23.0
7997,55.42145887437588,0.0
7998,180.47555918637454,82.3
7999,338.6852512038813,425.8
8000,172.8452072899066,313.0
8001,272.4273659290114,649.1
8002,25.180820901891877,27.4
8003,20.10020219279705,0.0
8004,145.60765645233943,46.4
8005,21.878055254342996,34.0
8006,439.45295012927943,571.8
8007,333.4856164138429,174.8
8008,773.1410755413787,662.7
8009,72.05936855940662,92.0
8010,494.22662295890825,348.8
8011,360.52161579663607,348.9
8012,497.0216791337604,407.7
8013,37.32718240453971,0.0
8014,106.15762291035541,114.3
8015,126.65890257842628,0.0
8016,578.1019872320854,535.3
8017,163.53575893657472,87.1
8018,325.5435952922312,207.0
8019,57.598163675801814,0.0
8020,282.050481320731,187.4
8021,88.90291014049816,85.5
8022,226.58037865966799,654.8
8023,180.51226009237917,88.6
8024,16.732167249592493,22.0
8025,74.281429623897,84.0
8026,179.03809399948364,67.6
8027,284.90971712019916,905.4
8028,299.96381466912976,116.6
8029,127.20756603593388,132.3
8030,525.6359053062819,688.9
8031,140.44216837140098,0.0
8032,622.5125063370085,805.3
8033,197.42979930099915,19.9
8034,322.57638714133054,0.0
8035,433.42517520670225,0.0
8036,63.587379425306096,0.0
8037,43.77517222228721,0.0
8038,317.71724363141254,0.0
8039,280.18836782775804,352.4
8040,76.46561715604756,22.9
8041,249.57402266165104,140.4
8042,249.75095472386653,263.9
8043,446.06150247440854,196.3
8044,373.543597135846,524.1
8045,103.52833508972017,0.0
8046,70.14191139886638,0.0
8047,187.4420134390776,793.3
8048,368.70704041003336,239.5
8049,179.63366436493192,236.2
8050,284.02639899986184,130.2
8051,18.85970575414415,28.0
8052,123.92169716693434,57.9
8053,382.9215462589362,327.3
8054,312.13227756057927,175.6
8055,46.2447604967768,46.5
8056,719.372060355703,208.7
8057,469.44153544610725,1109.8
8058,340.22520443467926,571.1
8059,321.5073643840579,329.4
8060,26.217876522253267,0.0
8061,94.83059179108922,160.4
8062,145.41912371824213,222.4
8063,552.8525973518219,879.0
8064,184.26130932213903,87.6
8065,320.1799385071118,218.8
8066,70.24664155849935,0.0
8067,241.77714147308097,95.3
8068,74.57398863902253,171.0
8069,202.24830840028494,483.4
8070,161.7684015544183,261.6
8071,16.13659360730994,47.28
8072,21.587387954132588,89.24
8073,526.8124907145053,56.2
8074,122.49933632926964,0.0
8075,286.07022069602124,1095.2
8076,315.2358769675162,273.4
8077,154.4629324471285,135.2
8078,524.9316958324341,766.1
8079,146.96082027601156,221.8
8080,660.7909549927249,986.8
8081,210.02350830230662,163.0
8082,336.6150882892024,40.0
8083,443.4502600894315,68.2
8084,5.483106136920194,0.0
8085,293.4145733092673,88.4
8086,300.2271443445909,140.5
8087,200.61642247735864,350.1
8088,274.099154829417,222.1
8089,57.334366699330054,46.0
8090,38.85053982441546,358.2
8091,141.10558164274568,264.0
8092,266.6460251996953,579.5
8093,118.7109228341809,282.2
8094,196.07076709010667,215.4
8095,14.526775658897794,34.0
8096,125.532733989148,34.8
8097,222.51756485441373,0.0
8098,326.7355143231438,257.5
8099,212.78811048872248,350.6
8100,628.5771452202207,474.0
8101,30.709955257805667,0.0
8102,422.3557742673062,352.0
8103,431.2927806498992,197.9
8104,409.21356490105126,187.9
8105,55.91668566368145,0.0
8106,108.45617904697224,22.9
8107,135.42889208960938,111.2
8108,539.7626861414165,70.2
8109,137.73368525581958,262.8
8110,250.09979427260515,116.8
8111,28.18329873820292,44.0
8112,48.1535306470445,285.5
8113,139.49697677135,257.1
8114,232.27611063243148,182.0
8115,103.04511249966659,0.0
8116,463.7221584064635,56.2
8117,262.9475969940628,263.5
8118,299.6376145261951,114.6
8119,119.07837894648371,80.4
8120,407.28607752120735,570.6
8121,95.76871264724309,0.0
8122,556.0096718877463,897.6
8123,180.1246210209562,110.9
8124,243.00663130763186,76.3
8125,413.75626917042393,68.2
8279,147.9660683666125,266.7
8280,280.57993095372774,598.1
8281,140.07740755657738,37.4
8282,5.763976473002818,25.2
8283,202.18564350761645,99.1
8284,389.5159984019001,196.4
8285,328.53024225984973,157.7
8286,58.26912227734185,0.0
8287,258.53608278182924,514.8
8288,194.55277369722089,160.3
8289,263.79735231401554,119.3
8290,16.421706117057663,0.0
8291,86.68816059292388,0.0
8292,222.8921730443485,290.8
8293,133.30193980843598,119.4
8294,103.36237395066023,0.0
8295,179.37532789818198,0.0
8296,190.00293508932523,109.1
8297,11.11098827090676,25.4
8298,129.86777092101133,91.5
8299,350.11007054994707,755.2
8300,179.90685774845892,39.1
8301,10.120922931851888,25.2
8302,243.21687034109726,275.1
8303,494.7465357738649,201.0
8304,355.3899938646881,211.1
8305,62.02292112182081,0.0
8306,211.97389803356836,431.0
8307,233.2287181476744,282.4
8308,383.60128588822585,119.4
8309,25.81913165719528,25.1
8310,75.48714386281465,124.3
8311,289.7589544613768,238.6
8312,152.08830609958216,39.8
8313,99.07354178581154,159.8
8314,205.42779155475642,123.5
8315,306.43485978124204,55.6
8316,17.84198569136775,76.2
8317,107.63399989183395,0.0
8318,136.06668996727123,588.0
8319,83.55589546746617,156.6
8320,180.9713035650111,337.0
8321,249.43140541330405,328.5
8322,33.22830956927974,0.0
8323,251.05655955385205,41.7
8324,167.38908911862836,182.0
8325,135.83343838561137,163.8
8326,231.5426862907387,119.4
8327,91.79217896375096,0.0
8328,167.37267248375906,74.4
8329,153.0572559238104,131.8
8330,167.51261216697844,76.1
8331,104.9279350052761,103.8
8332,179.84955439287302,0.0
8333,2.2348554972754338,25.4
8390,311.8717486128045,184.5
8391,283.4437795673222,0.0
8392,130.4166009999664,0.0
8393,0.0,20.1
8394,115.6246412963612,75.8
8395,217.0699632110606,0.0
8396,190.0853316271642,127.0
8397,425.37300223332676,123.4
8398,285.2020999840451,95.2
8399,339.0317910680298,310.3
8400,403.9043234342615,115.7
8401,118.8368426107202,120.8
8402,49.55206478690278,0.0
8403,166.34325868794227,115.1
8404,355.1652797413938,253.7
8405,147.8354515719563,42.4
8406,191.65939898494474,92.9
8407,113.66838016083564,248.6
8408,496.34453234417407,706.7
8409,282.1163212105631,185.0
8410,47.3578121978823,19.6
8411,150.69330558946248,0.0
8412,108.70846170175746,229.3
8413,239.39612803142523,0.0
8414,182.26672809091718,38.0
8415,594.9093190221257,336.6
8416,290.557020792727,158.9
8417,345.20536237160644,95.2
8418,571.6659587849205,130.8
8419,103.81474138333564,118.5
8420,97.09965860615561,0.0
8421,126.50701541074645,0.0
8422,516.4121655434864,302.5
8423,154.12198018409356,0.0
8424,184.05812877323677,92.9
8425,126.84841517491623,0.0
8426,286.7284338249138,497.3
8427,202.5829556905923,232.7
8428,84.65817451140606,0.0
8429,0.0,0.0
8430,56.11062416912455,77.7
8431,184.1283713822786,0.0
8432,143.98086148429036,83.6
8433,320.97635964555946,59.6
8434,186.58090443519967,189.9
8435,253.03327510245646,191.5
8436,287.5932396837676,58.4
8437,50.08916454376277,86.0
8438,34.99267561472247,40.2
8439,97.48868066795646,0.0
8440,267.283255822602,198.4
8441,104.34980898362024,84.9
8442,120.09335569245407,196.9
8443,86.63726352302668,125.0
8678,297.21086424718044,343.11
8679,1068.201490466004,2245.45
8680,514.3618935354984,500.11
8681,730.0363974140205,1293.32
8682,96.73046498580189,0.0
8683,196.74288662910243,0.0
8684,180.92422782282563,0.0
8685,0.0,0.0
8686,281.3702447780746,0.0
8687,416.4601970053835,436.51
8688,471.14916160013854,446.42
8689,87.69101937800376,58.96
8690,606.4816125899641,224.24
8691,359.1331817643587,101.06
8692,122.72645218156075,229.12
8693,28.95314029722467,0.0
8694,346.68615481358063,227.97
8695,1227.4659164342836,1386.99
8696,599.7349128442512,895.31
8697,750.0489136965219,783.08
8698,175.30391869487448,20.63
8699,269.0989701708293,0.0
8700,218.43627223185135,164.04
8701,0.0,0.0
8702,222.7344447845976,0.0
8703,283.04812232326356,177.88
8704,511.4207404605916,549.16
8705,362.20950135634376,0.0
8706,735.3785497604836,633.12
8707,538.6433294708363,50.53
8708,182.2357961271802,0.0
8709,101.8207453989441,26.61
8710,211.4513247039617,0.0
8711,787.2468195805702,1511.35
8712,364.08428201817907,620.29
8713,536.9169319657092,742.38
8714,68.11105587544671,30.49
8715,154.4203060531893,0.0
8716,0.0,117.18
8717,126.18809347552576,0.0
8718,20.987161927705916,86.71
8719,175.4050504775353,177.86
8720,386.13917598726573,331.76
8721,221.6785556053619,0.0
8722,506.03367925319526,0.0
8723,311.42895497345984,50.53
8724,112.3322246781291,0.0
8725,36.185220196043325,0.0
